timestamp,strategy,symbol,timeframe,sharpe,total_return,max_drawdown,win_rate
2025-10-17 20:34:16.708359+00:00,RSI_MeanReversion,BTC/USDT,1h,0.2018866633340199,0.0431281609958143,0.2976053183232269,0.5833333333333334
2025-10-17 20:34:18.008347+00:00,SMA_Crossover,BTC/USDT,1h,1.1328853134363133,1.5425820492404527,0.3185078619009939,0.3295454545454545
2025-10-17 20:34:20.736836+00:00,MACD_Momentum,BTC/USDT,1h,-1.8505094705781688,-0.8562781435617725,0.857987535040829,0.3015075376884422
2025-10-17 20:34:22.694306+00:00,BollingerBreakout,BTC/USDT,1h,0.2147589147013243,0.0566170169518423,0.3341239918905444,0.3157894736842105
2025-10-17 20:34:27.243091+00:00,TripleEMA,BTC/USDT,1h,1.073742940963346,1.3826368427222198,0.2910492032137501,0.325
2025-10-17 20:34:28.014621+00:00,Supertrend_ATR,BTC/USDT,1h,0.3102677899488955,0.1552250581885404,0.4201499883858861,0.3206896551724137
2025-10-17 20:34:34.511878+00:00,VWAP_MeanReversion,BTC/USDT,1h,-0.0029285831172029,-0.1366899300057045,0.3097771897991433,0.5529411764705883
2025-10-17 20:34:35.167001+00:00,MultiTimeframeConfluence,BTC/USDT,1h,1.3625047224272755,3.2677978870446847,0.317437496275859,1.0
2025-10-17 20:34:36.432768+00:00,Ichimoku_Cloud,BTC/USDT,1h,1.46980510117834,4.477022187297288,0.3186834343378778,1.0
2025-10-17 20:34:39.885616+00:00,PortfolioRebalancer,Portfolio[2 assets],1h,1.23162357105663,3.520415314942176,0.4874395795727083,0.5126750913520097
2025-10-17 20:34:48.420279+00:00,PortfolioRebalancer,Portfolio[3 assets],1h,1.274070631397657,3.619987664918269,0.4208534591766649,0.5180800852618758
2025-10-17 20:34:50.110787+00:00,PortfolioRebalancer,Portfolio[4 assets],1h,1.315101152056654,4.941028807108427,0.4660681670372014,0.5177061914553347
2025-10-17 20:34:52.491340+00:00,PortfolioRebalancer,Portfolio[4 assets],1h,1.1624275243614022,3.824215526079767,0.4775440173994082,0.5162826128356504
2025-10-17 20:35:47.108320+00:00,HierarchicalRiskParity,Portfolio[2 assets],1h,0.5488316116574065,0.9300191984165476,0.7771911430263984,0.5094670050761422
2025-10-17 20:36:22.843693+00:00,HierarchicalRiskParity,Portfolio[3 assets],1h,0.5909393773074058,1.1773618320628747,0.7545655029196771,0.5150761421319797
2025-10-17 20:36:46.603168+00:00,BlackLitterman,Portfolio[2 assets],1h,0.5488316116574065,0.9300191984165476,0.7771911430263984,0.5094670050761422
2025-10-17 20:36:49.191933+00:00,HierarchicalRiskParity,Portfolio[4 assets],1h,0.7647732076483026,2.691470004373364,0.8174614186648225,0.5141406448337141
2025-10-17 20:36:51.031660+00:00,HierarchicalRiskParity,Portfolio[4 assets],1h,0.5203036874131755,0.6641075552768103,0.7837556672460556,0.5150953457075388
2025-10-17 20:37:46.519419+00:00,BlackLitterman,Portfolio[3 assets],1h,0.5909393773074058,1.1773618320628747,0.7545655029196771,0.5150761421319797
2025-10-17 20:38:22.440548+00:00,RiskParity,Portfolio[2 assets],1h,0.5259303874195419,0.8068668142938197,0.7781736601952793,0.5095431472081219
2025-10-17 20:38:40.475941+00:00,BlackLitterman,Portfolio[4 assets],1h,0.7647732076483026,2.691470004373364,0.8174614186648225,0.5141406448337141
2025-10-17 20:38:44.661804+00:00,BlackLitterman,Portfolio[4 assets],1h,0.5203036874131755,0.6641075552768103,0.7837556672460556,0.5150953457075388
2025-10-17 20:39:39.969892+00:00,CopulaPairsTrading,Portfolio[2 assets],1h,-7.703222996400322,-0.9958727932707933,0.9959987076576476,0.2056598984771573
2025-10-17 20:39:56.692608+00:00,RiskParity,Portfolio[3 assets],1h,0.5593423749102953,0.9900796984545732,0.7536116406169036,0.5148477157360406
2025-10-17 20:40:34.834257+00:00,CopulaPairsTrading,Portfolio[3 assets],1h,-7.703222996400322,-0.9958727932707933,0.9959987076576476,0.2056598984771573
2025-10-17 20:40:52.794820+00:00,CopulaPairsTrading,Portfolio[4 assets],1h,-7.704207348740007,-0.9958727932707933,0.9959987076576476,0.2057121096725057
2025-10-17 20:41:06.334466+00:00,RiskParity,Portfolio[4 assets],1h,0.7334902266647794,2.3391163570106053,0.8247984806870197,0.5134298045189134
2025-10-17 20:41:26.397172+00:00,RiskParity,Portfolio[4 assets],1h,0.5049844326239321,0.584115511572144,0.783587279669618,0.5149429957088084
2025-10-17 20:41:38.996295+00:00,CopulaPairsTrading,Portfolio[4 assets],1h,-7.726729182687912,-0.9959267233715086,0.99600270894999,0.2056217149531523
2025-10-17 20:42:09.905272+00:00,DeepRLPortfolio,Portfolio[2 assets],1h,0.3220863408821702,0.0940849453132454,0.7740133380594263,0.5041878172588833
2025-10-17 20:42:41.844970+00:00,DeepRLPortfolio,Portfolio[3 assets],1h,0.1516461177726877,-0.2857084875124333,0.7630121180728163,0.5106091370558375
2025-10-17 20:43:20.274741+00:00,DeepRLPortfolio,Portfolio[4 assets],1h,0.3201907633534008,0.063843278666783,0.7633356267346024,0.5134298045189134
2025-10-17 20:43:31.717654+00:00,DeepRLPortfolio,Portfolio[4 assets],1h,0.1791757803305548,-0.2864635784715804,0.8089148267339592,0.5117182540690145
2025-10-18 14:13:56.640749+00:00,SMA_Crossover,BTC/USDT,1h,3.302064575347981,0.0518022669741847,0.0468889145256631,1.0
2025-10-18 14:13:57.844872+00:00,SMA_Crossover,BTC/USDT,1h,1.4568075805936642,0.1574564519905558,0.1226109426604626,0.4615384615384615
2025-10-18 14:13:57.929747+00:00,SMA_Crossover,BTC/USDT,1h,0.302378983092925,0.009827154902657,0.0865530678603702,0.2857142857142857
2025-10-18 14:13:58.244914+00:00,RSI_MeanReversion,BTC/USDT,1h,-7.280534181151532,-0.128344350141201,0.1340281102561843,0.0
2025-10-18 14:13:58.864919+00:00,SMA_Crossover,BTC/USDT,1h,0.702366568790424,0.1873680415407589,0.3185078619009882,0.3125
2025-10-18 14:13:58.925240+00:00,RSI_MeanReversion,BTC/USDT,1h,-2.400338018418344,-0.1433668730908368,0.1687545833520394,0.1666666666666666
2025-10-18 14:13:59.814058+00:00,RSI_MeanReversion,BTC/USDT,1h,-0.1018037297147064,-0.0230864410525733,0.1687545833520365,0.5333333333333333
2025-10-18 14:14:01.476531+00:00,RSI_MeanReversion,BTC/USDT,1h,0.4466101664237006,0.0936708346930872,0.1798151862536582,0.5161290322580645
2025-10-18 14:14:02.608706+00:00,SMA_Crossover,BTC/USDT,1h,1.1471168988034632,0.900080243699299,0.3185078619009872,0.3571428571428571
2025-10-18 14:14:05.164197+00:00,MACD_Momentum,BTC/USDT,1h,-6.329389096168726,-0.0973380626207037,0.0973380626207028,0.2692307692307692
2025-10-18 14:14:05.506031+00:00,RSI_MeanReversion,BTC/USDT,1h,0.4910392308158604,0.2408922825091771,0.2976053183232244,0.5714285714285714
2025-10-18 14:14:06.378895+00:00,MACD_Momentum,BTC/USDT,1h,-6.846266349079704,-0.3058119014769908,0.3066326850507141,0.2352941176470588
2025-10-18 14:14:07.323300+00:00,MACD_Momentum,BTC/USDT,1h,-3.951561798479628,-0.365132962401677,0.412052968713187,0.2634730538922156
2025-10-18 14:14:08.030204+00:00,SMA_Crossover,BTC/USDT,1h,1.1328853134363133,1.5425820492404527,0.3185078619009939,0.3295454545454545
2025-10-18 14:14:09.293698+00:00,RSI_MeanReversion,BTC/USDT,1h,0.2018866633340199,0.0431281609958143,0.2976053183232269,0.5833333333333334
2025-10-18 14:14:09.729316+00:00,BollingerBreakout,BTC/USDT,1h,0.4203129819554057,0.0051823952617005,0.0522088142231733,0.2857142857142857
2025-10-18 14:14:10.061591+00:00,MACD_Momentum,BTC/USDT,1h,-2.463626245630965,-0.5540717441826828,0.6084060397624629,0.2927536231884058
2025-10-18 14:14:11.012907+00:00,BollingerBreakout,BTC/USDT,1h,-2.816461853856488,-0.1380788437936063,0.1908481653472067,0.2608695652173913
2025-10-18 14:14:12.312780+00:00,BollingerBreakout,BTC/USDT,1h,-0.4274918714574149,-0.0598272509921042,0.2283009028061452,0.3043478260869565
2025-10-18 14:14:15.544635+00:00,BollingerBreakout,BTC/USDT,1h,0.0267214203777278,-0.0335352964854835,0.3221990169552096,0.3404255319148936
2025-10-18 14:14:15.603648+00:00,MACD_Momentum,BTC/USDT,1h,-1.564444982736397,-0.6773917959998836,0.7422916520042203,0.3158682634730539
2025-10-18 14:14:16.115251+00:00,TripleEMA,BTC/USDT,1h,3.581334820021354,0.0557580156169533,0.0387832564238608,0.3333333333333333
2025-10-18 14:14:17.243332+00:00,TripleEMA,BTC/USDT,1h,-1.5036841505203502,-0.0727202102178522,0.1465224083356727,0.2
2025-10-18 14:14:19.096398+00:00,TripleEMA,BTC/USDT,1h,0.1279076552948961,0.0017424960806671,0.1880754000323262,0.28125
2025-10-18 14:14:19.308461+00:00,MACD_Momentum,BTC/USDT,1h,-1.8505094705781688,-0.8562781435617725,0.857987535040829,0.3015075376884422
2025-10-18 14:14:20.431755+00:00,BollingerBreakout,BTC/USDT,1h,0.3847515491275012,0.1530585112680668,0.334123991890539,0.3556701030927835
2025-10-18 14:14:22.532128+00:00,TripleEMA,BTC/USDT,1h,0.5940893804128518,0.1481868713593488,0.2854811043238456,0.3392857142857143
2025-10-18 14:14:22.916316+00:00,Supertrend_ATR,BTC/USDT,1h,-1.835080122331182,-0.0294756783604831,0.0776093196497985,0.2222222222222222
2025-10-18 14:14:23.619040+00:00,Supertrend_ATR,BTC/USDT,1h,-3.570740425072415,-0.1623274122526341,0.1914850236825672,0.2413793103448276
2025-10-18 14:14:25.172872+00:00,Supertrend_ATR,BTC/USDT,1h,0.0923267828673507,-0.0028448630822975,0.2029502613726891,0.3148148148148148
2025-10-18 14:14:26.245096+00:00,TripleEMA,BTC/USDT,1h,1.191576162425003,0.962961127703436,0.2854811043238453,0.3457943925233644
2025-10-18 14:14:28.105164+00:00,Supertrend_ATR,BTC/USDT,1h,-0.4110590329545456,-0.160434806927906,0.4201499883858772,0.308411214953271
2025-10-18 14:14:28.789713+00:00,BollingerBreakout,BTC/USDT,1h,0.2147589147013243,0.0566170169518423,0.3341239918905444,0.3157894736842105
2025-10-18 14:14:29.358058+00:00,Ichimoku_Cloud,BTC/USDT,1h,-1.658741723550218,-0.0430079561408703,0.1182737086303236,0.0
2025-10-18 14:14:30.816571+00:00,Ichimoku_Cloud,BTC/USDT,1h,-0.8138202215532785,-0.0678144269472539,0.1263248822972754,0.0
2025-10-18 14:14:31.337638+00:00,TripleEMA,BTC/USDT,1h,1.073742940963346,1.3826368427222198,0.2910492032137501,0.325
2025-10-18 14:14:32.311368+00:00,Supertrend_ATR,BTC/USDT,1h,0.0491309581503159,-0.0659532301198301,0.4201499883858798,0.3316582914572864
2025-10-18 14:14:33.186220+00:00,Ichimoku_Cloud,BTC/USDT,1h,1.8109749193693847,0.2939198428322106,0.128123741531522,1.0
2025-10-18 14:14:36.282955+00:00,Ichimoku_Cloud,BTC/USDT,1h,1.407549004551152,0.6853139622189368,0.2999750298123669,1.0
2025-10-18 14:14:36.729357+00:00,VWAP_MeanReversion,BTC/USDT,1h,-7.280534181151532,-0.128344350141201,0.1340281102561843,0.0
2025-10-18 14:14:37.326029+00:00,Supertrend_ATR,BTC/USDT,1h,0.3102677899488955,0.1552250581885404,0.4201499883858861,0.3206896551724137
2025-10-18 14:14:38.083909+00:00,VWAP_MeanReversion,BTC/USDT,1h,-2.236691844640012,-0.1344367634029669,0.1626026910723268,0.1666666666666666
2025-10-18 14:14:39.621808+00:00,VWAP_MeanReversion,BTC/USDT,1h,-0.0477618146153656,-0.0178636336094783,0.1626026910723194,0.5
2025-10-18 14:14:42.035235+00:00,VWAP_MeanReversion,BTC/USDT,1h,0.1473937759730036,0.0009571430017051,0.1906213889886678,0.5185185185185185
2025-10-18 14:14:42.416209+00:00,Ichimoku_Cloud,BTC/USDT,1h,1.6295539820499154,2.709868997976313,0.3165906529034866,1.0
2025-10-18 14:14:43.582888+00:00,MultiTimeframeConfluence,BTC/USDT,1h,inf,0.0,0.0,0.0
2025-10-18 14:14:44.214813+00:00,MultiTimeframeConfluence,BTC/USDT,1h,inf,0.0,0.0,0.0
2025-10-18 14:14:45.015573+00:00,MultiTimeframeConfluence,BTC/USDT,1h,inf,0.0,0.0,0.0
2025-10-18 14:14:47.089665+00:00,MultiTimeframeConfluence,BTC/USDT,1h,-0.2418327028934928,-0.1219229841873751,0.2716469819877345,0.5
2025-10-18 14:14:48.395486+00:00,Ichimoku_Cloud,BTC/USDT,1h,1.46980510117834,4.477022187297288,0.3186834343378778,1.0
2025-10-18 14:14:48.766411+00:00,VWAP_MeanReversion,BTC/USDT,1h,0.2980171435790682,0.091955055299898,0.3097771897991448,0.5614035087719298
2025-10-18 14:14:50.733217+00:00,MultiTimeframeConfluence,BTC/USDT,1h,0.7656104808073496,0.5867962266162638,0.3080091376412774,1.0
2025-10-18 14:14:53.972005+00:00,MultiTimeframeConfluence,BTC/USDT,1h,1.3625047224272755,3.2677978870446847,0.317437496275859,1.0
2025-10-18 14:14:55.241715+00:00,VWAP_MeanReversion,BTC/USDT,1h,-0.0029285831172029,-0.1366899300057045,0.3097771897991433,0.5529411764705883
2025-10-18 14:14:58.019768+00:00,PortfolioRebalancer,Portfolio[2 assets],1h,-2.2030078350275035,-0.0775011788215935,0.162479695554331,0.5042134831460674
2025-10-18 14:14:58.697225+00:00,PortfolioRebalancer,Portfolio[3 assets],1h,1.086791180822259,0.033344830638243,0.1687056738594913,0.5168539325842697
2025-10-18 14:14:59.286281+00:00,PortfolioRebalancer,Portfolio[4 assets],1h,-0.73359387310965,-0.0390711802394362,0.1771282150853245,0.5256410256410257
2025-10-18 14:15:00.957462+00:00,PortfolioRebalancer,Portfolio[4 assets],1h,-3.98116726095591,-0.1613397925467818,0.2165906439731734,0.5093525179856115
2025-10-18 14:15:04.234097+00:00,PortfolioRebalancer,Portfolio[2 assets],1h,1.3241890185950869,0.130313703496528,0.1629699518574619,0.5116171003717472
2025-10-18 14:15:05.871327+00:00,PortfolioRebalancer,Portfolio[3 assets],1h,2.4917965610740214,0.2948008436880721,0.1679300412610631,0.5315985130111525
2025-10-18 14:15:06.626032+00:00,PortfolioRebalancer,Portfolio[4 assets],1h,1.8176282352360544,0.2167746989039296,0.1834602862254514,0.5317460317460317
2025-10-18 14:15:08.882894+00:00,PortfolioRebalancer,Portfolio[4 assets],1h,0.0618102924105262,-0.030609065884377,0.2500025910608465,0.5147540983606558
2025-10-18 14:15:16.469850+00:00,PortfolioRebalancer,Portfolio[2 assets],1h,2.759589305562963,0.8112820584797424,0.1806889001631497,0.5169294990723562
2025-10-18 14:15:17.802999+00:00,PortfolioRebalancer,Portfolio[3 assets],1h,3.1982377196418232,0.9153077719609842,0.1672440860810531,0.525974025974026
2025-10-18 14:15:18.771157+00:00,PortfolioRebalancer,Portfolio[4 assets],1h,2.615955209728562,0.7675311674421228,0.1883204258715037,0.5276615527661552
2025-10-18 14:15:19.399038+00:00,PortfolioRebalancer,Portfolio[4 assets],1h,1.6049114843008627,0.4325883043225229,0.247992588999758,0.5185098952270082
2025-10-18 14:15:23.115044+00:00,PortfolioRebalancer,Portfolio[2 assets],1h,1.29319583035929,0.7455820278354229,0.4900818225125086,0.5151965265082267
2025-10-18 14:15:27.321632+00:00,PortfolioRebalancer,Portfolio[3 assets],1h,1.5141911164389026,0.9127321932864688,0.4267825261534481,0.5226234003656307
2025-10-18 14:15:28.469411+00:00,PortfolioRebalancer,Portfolio[4 assets],1h,1.251452570369071,0.747011157206638,0.4626022844924434,0.5228780599405171
2025-10-18 14:15:29.741035+00:00,PortfolioRebalancer,Portfolio[4 assets],1h,1.5858319316505136,1.453460324924032,0.4832407518279959,0.5181453921007442
2025-10-18 14:15:32.592350+00:00,PortfolioRebalancer,Portfolio[2 assets],1h,1.4243852107174009,2.4524188693271687,0.4912158371519946,0.5154751027866605
2025-10-18 14:15:36.352004+00:00,PortfolioRebalancer,Portfolio[3 assets],1h,1.6673281865621583,3.287951528187994,0.4274382700001621,0.5231841023298309
2025-10-18 14:15:38.830768+00:00,PortfolioRebalancer,Portfolio[4 assets],1h,1.731641470738836,4.375744762469644,0.4465090645599281,0.5236544394926295
2025-10-18 14:15:40.787011+00:00,PortfolioRebalancer,Portfolio[4 assets],1h,1.4512813581063262,3.369995108139574,0.4775440173994081,0.5192340668762504
2025-10-18 14:15:41.923311+00:00,PortfolioRebalancer,Portfolio[2 assets],1h,1.23162357105663,3.520415314942176,0.4874395795727083,0.5126750913520097
2025-10-18 14:15:49.635084+00:00,PortfolioRebalancer,Portfolio[3 assets],1h,1.274070631397657,3.619987664918269,0.4208534591766649,0.5180800852618758
2025-10-18 14:15:55.802315+00:00,PortfolioRebalancer,Portfolio[4 assets],1h,1.315101152056654,4.941028807108427,0.4660681670372014,0.5177061914553347
2025-10-18 14:15:58.575592+00:00,PortfolioRebalancer,Portfolio[4 assets],1h,1.1624275243614022,3.824215526079767,0.4775440173994082,0.5162826128356504
2025-10-18 14:17:02.664860+00:00,HierarchicalRiskParity,Portfolio[2 assets],1h,-0.8739943693563101,-0.0457356880724253,0.1481000946997809,0.5149253731343284
2025-10-18 14:17:05.866754+00:00,HierarchicalRiskParity,Portfolio[3 assets],1h,0.8313536968719916,0.0294858994748492,0.1537683490573091,0.5270522388059702
2025-10-18 14:17:06.781891+00:00,HierarchicalRiskParity,Portfolio[4 assets],1h,0.0505762029839115,-0.0065763436504283,0.1543867551782457,0.5329566854990584
2025-10-18 14:17:08.288720+00:00,HierarchicalRiskParity,Portfolio[4 assets],1h,-1.976875084079364,-0.1010360310694595,0.1704133021092374,0.4976303317535545
2025-10-18 14:17:15.275036+00:00,HierarchicalRiskParity,Portfolio[2 assets],1h,1.074642999950064,0.1280137309513773,0.1475203866872211,0.5154702970297029
2025-10-18 14:17:23.610008+00:00,HierarchicalRiskParity,Portfolio[3 assets],1h,1.3641607644307334,0.1660215047005329,0.1497644770758908,0.5204207920792079
2025-10-18 14:17:29.179119+00:00,HierarchicalRiskParity,Portfolio[4 assets],1h,1.0162761390120445,0.1314610121237077,0.176349179937101,0.5191290824261275
2025-10-18 14:17:30.048871+00:00,HierarchicalRiskParity,Portfolio[4 assets],1h,1.5384091522506933,0.2022372451150888,0.1544847664924144,0.5273122284295468
2025-10-18 14:17:39.110910+00:00,HierarchicalRiskParity,Portfolio[2 assets],1h,0.5518792072313911,0.1172445341101223,0.4040078172891127,0.5111248454882571
2025-10-18 14:18:00.504027+00:00,HierarchicalRiskParity,Portfolio[3 assets],1h,0.5006705581959221,0.0951325445589333,0.3553231243251634,0.5160692212608158
2025-10-18 14:18:17.143999+00:00,HierarchicalRiskParity,Portfolio[4 assets],1h,0.1690525426981062,-0.0430389768722328,0.4623374172779402,0.5121611154144075
2025-10-18 14:18:18.877048+00:00,HierarchicalRiskParity,Portfolio[4 assets],1h,0.6643456900197796,0.1600360790096974,0.3913878571313782,0.5218198700092851
2025-10-18 14:18:23.603603+00:00,HierarchicalRiskParity,Portfolio[2 assets],1h,0.6424139018743584,0.3442856721601269,0.430883483325479,0.5111280487804878
2025-10-18 14:19:08.689007+00:00,HierarchicalRiskParity,Portfolio[3 assets],1h,0.5409496364199302,0.2412095069482835,0.3924799735127205,0.5171493902439024
2025-10-18 14:19:36.240694+00:00,HierarchicalRiskParity,Portfolio[4 assets],1h,0.6251438243258374,0.3260005766830079,0.4195422050350488,0.5196796338672769
2025-10-18 14:19:37.092401+00:00,HierarchicalRiskParity,Portfolio[4 assets],1h,0.8281226929172626,0.5851235679511545,0.4000685144169704,0.5153781576738151
2025-10-18 14:19:53.328729+00:00,HierarchicalRiskParity,Portfolio[2 assets],1h,1.1103448223061767,2.5606530934052905,0.4352537819358567,0.5121802679658952
2025-10-18 14:21:12.495255+00:00,HierarchicalRiskParity,Portfolio[3 assets],1h,0.9658756839444382,1.7986862581990586,0.3894871512331711,0.5163291717417783
2025-10-18 14:22:03.627037+00:00,HierarchicalRiskParity,Portfolio[2 assets],1h,0.4269311062100862,0.3977358408201518,0.7873964016443471,0.5091878172588833
2025-10-18 14:22:12.244580+00:00,HierarchicalRiskParity,Portfolio[4 assets],1h,1.0735289834754338,2.6024996400256946,0.4300631548159794,0.515711293087031
2025-10-18 14:22:16.484678+00:00,HierarchicalRiskParity,Portfolio[4 assets],1h,1.1013132636197402,2.540676408611396,0.4101414858771711,0.5185058259081563
2025-10-18 14:22:21.203313+00:00,BlackLitterman,Portfolio[2 assets],1h,-1.3698035673197142,-0.0770906025046859,0.1639068226857317,0.5102611940298507
2025-10-18 14:22:27.965504+00:00,BlackLitterman,Portfolio[3 assets],1h,0.9905564198634907,0.0417121988755952,0.1676896030402951,0.5251865671641791
2025-10-18 14:22:35.225588+00:00,BlackLitterman,Portfolio[4 assets],1h,-0.0981106606083515,-0.0192353107776138,0.1782297822755793,0.5348399246704332
2025-10-18 14:22:43.111964+00:00,BlackLitterman,Portfolio[4 assets],1h,-2.557758375113033,-0.1585212678253661,0.2254819150826953,0.5184834123222749
2025-10-18 14:22:54.109566+00:00,BlackLitterman,Portfolio[2 assets],1h,1.52195775630356,0.2404218272698199,0.1735381963686869,0.5151608910891089
2025-10-18 14:23:10.494747+00:00,BlackLitterman,Portfolio[3 assets],1h,2.2140074734730977,0.372753688002166,0.1682136718486602,0.5244430693069307
2025-10-18 14:23:26.999502+00:00,BlackLitterman,Portfolio[4 assets],1h,1.814304420768155,0.3224083417002817,0.1786639511389963,0.5260707635009311
2025-10-18 14:23:45.127778+00:00,BlackLitterman,Portfolio[4 assets],1h,0.9445049275131704,0.1447346016596971,0.2505402606272285,0.5181959564541213
2025-10-18 14:24:05.835619+00:00,BlackLitterman,Portfolio[2 assets],1h,0.7161278504855678,0.1974705242539163,0.4588214638401259,0.5143695920889988
2025-10-18 14:24:11.855024+00:00,HierarchicalRiskParity,Portfolio[3 assets],1h,0.325283489313673,0.0680764941275581,0.7597680882195864,0.5142893401015228
2025-10-18 14:24:34.280292+00:00,BlackLitterman,Portfolio[3 assets],1h,1.0226000256210126,0.3372079944217148,0.4031589185730266,0.5193139678615575
2025-10-18 14:24:44.752240+00:00,BlackLitterman,Portfolio[4 assets],1h,0.7883617727757294,0.2378859247322559,0.4661367104461763,0.5196533580934695
2025-10-18 14:25:07.321033+00:00,BlackLitterman,Portfolio[4 assets],1h,0.2552429996139314,-0.0531985391058926,0.4807437805797454,0.5112316034082107
2025-10-18 14:25:27.675302+00:00,BlackLitterman,Portfolio[2 assets],1h,0.7283435630053022,0.4538191614555146,0.5030667092663134,0.5126524390243903
2025-10-18 14:25:54.350477+00:00,HierarchicalRiskParity,Portfolio[4 assets],1h,0.4575747094327962,0.4941996225996518,0.7757341740515353,0.5145722264534146
2025-10-18 14:26:01.824927+00:00,BlackLitterman,Portfolio[3 assets],1h,0.8724740995008503,0.6145599150010348,0.4359940824134562,0.5189024390243903
2025-10-18 14:26:05.883771+00:00,HierarchicalRiskParity,Portfolio[4 assets],1h,0.2950959121175831,-0.0766262335182224,0.7917966594770777,0.5149683873752634
2025-10-18 14:26:37.957064+00:00,BlackLitterman,Portfolio[4 assets],1h,0.7908202748788382,0.5469967071321856,0.4700831974254477,0.5169336384439359
2025-10-18 14:27:01.578881+00:00,BlackLitterman,Portfolio[4 assets],1h,1.0374427616577533,1.0443483564304246,0.4807927634490347,0.5136228344653896
2025-10-18 14:27:21.818222+00:00,BlackLitterman,Portfolio[2 assets],1h,1.2021856512739648,3.324555175594679,0.5029078227000864,0.5121422046285018
2025-10-18 14:27:43.440503+00:00,BlackLitterman,Portfolio[3 assets],1h,1.242829085006672,3.439297682129659,0.4363142682491713,0.5180420219244823
2025-10-18 14:28:51.670029+00:00,BlackLitterman,Portfolio[4 assets],1h,1.2759438811310628,4.555487690285546,0.4703344060927057,0.5174015688066408
2025-10-18 14:29:10.066222+00:00,BlackLitterman,Portfolio[4 assets],1h,1.1037191044182175,3.3640813259018367,0.4798369158095204,0.515711293087031
2025-10-18 14:29:29.535618+00:00,BlackLitterman,Portfolio[2 assets],1h,0.5461555045987392,0.9150723037819553,0.7771752242049013,0.5096192893401015
2025-10-18 14:29:34.070143+00:00,RiskParity,Portfolio[2 assets],1h,-1.322035977602978,-0.0742435377482663,0.1614868026952359,0.5102611940298507
2025-10-18 14:29:40.242975+00:00,RiskParity,Portfolio[3 assets],1h,0.8850056092350215,0.0357768724789424,0.1664221274944251,0.5261194029850746
2025-10-18 14:29:46.682016+00:00,RiskParity,Portfolio[4 assets],1h,-0.0834343762073874,-0.0182395728617546,0.1773973479617622,0.5338983050847458
2025-10-18 14:29:52.818025+00:00,RiskParity,Portfolio[4 assets],1h,-2.545926735907932,-0.1542856935084799,0.2175595915231136,0.5146919431279621
2025-10-18 14:30:03.566873+00:00,RiskParity,Portfolio[2 assets],1h,1.6506350589293604,0.265574574849003,0.1673148893188478,0.5136138613861386
2025-10-18 14:30:18.145859+00:00,RiskParity,Portfolio[3 assets],1h,2.3030140635382788,0.3871808099735497,0.1634027885024952,0.525680693069307
2025-10-18 14:30:32.495851+00:00,RiskParity,Portfolio[4 assets],1h,1.889763932526373,0.3367795983750331,0.177649535061124,0.5273122284295468
2025-10-18 14:30:33.168798+00:00,BlackLitterman,Portfolio[3 assets],1h,0.587449242248703,1.1556321312625646,0.7547309075915841,0.5147715736040609
2025-10-18 14:30:47.836961+00:00,RiskParity,Portfolio[4 assets],1h,1.056902043321561,0.1701964395738619,0.2375589641019875,0.5169517884914463
2025-10-18 14:30:50.300847+00:00,RiskParity,Portfolio[2 assets],1h,0.730441475586697,0.2041202549019073,0.4585069642849099,0.5139060568603214
2025-10-18 14:31:12.880210+00:00,RiskParity,Portfolio[3 assets],1h,1.026831897767143,0.3360164772713893,0.3983705327533352,0.5213226205191595
2025-10-18 14:31:20.288534+00:00,RiskParity,Portfolio[4 assets],1h,0.7771476586190691,0.2307447717100505,0.473508960871318,0.5191891055400805
2025-10-18 14:31:39.601598+00:00,RiskParity,Portfolio[4 assets],1h,0.2145562705805691,-0.0700400877876509,0.4948692895569213,0.5110766847405113
2025-10-18 14:31:53.188287+00:00,RiskParity,Portfolio[2 assets],1h,0.7092765050286578,0.4301779118625947,0.5013954925074,0.5131097560975609
2025-10-18 14:32:22.646387+00:00,RiskParity,Portfolio[3 assets],1h,0.8436853237633174,0.5754454824694544,0.4300715026773913,0.5191310975609756
2025-10-18 14:32:23.382771+00:00,BlackLitterman,Portfolio[4 assets],1h,0.7609868067577394,2.6474850285691987,0.8179786575641234,0.5137090632140137
2025-10-18 14:32:38.630978+00:00,BlackLitterman,Portfolio[4 assets],1h,0.5116433776493049,0.6167087360524022,0.784468457413896,0.5149429957088084
2025-10-18 14:32:50.265827+00:00,RiskParity,Portfolio[4 assets],1h,0.7550772747392916,0.4981951513244548,0.4799733772342319,0.5180778032036614
2025-10-18 14:33:18.897803+00:00,RiskParity,Portfolio[4 assets],1h,1.0501201047245197,1.0697510800492114,0.4735108926823895,0.5142333816683202
2025-10-18 14:33:26.909302+00:00,RiskParity,Portfolio[2 assets],1h,1.1621311804912409,3.052191590308196,0.5047359696479377,0.5126370280146163
2025-10-18 14:34:10.974005+00:00,RiskParity,Portfolio[3 assets],1h,1.206511681098151,3.180914683556409,0.4335063067492337,0.5181562119366626
2025-10-18 14:34:43.397293+00:00,RiskParity,Portfolio[4 assets],1h,1.2428258164802473,4.244068196657318,0.4736237005712815,0.5172492574822938
2025-10-18 14:35:06.708844+00:00,RiskParity,Portfolio[2 assets],1h,0.5259303874195419,0.8068668142938197,0.7781736601952793,0.5095431472081219
2025-10-18 14:35:13.190491+00:00,RiskParity,Portfolio[4 assets],1h,1.1324745528644569,3.6017247490842754,0.4714426600247071,0.5159779089697201
2025-10-18 14:35:17.932279+00:00,CopulaPairsTrading,Portfolio[2 assets],1h,-10.98319417206445,-0.1771219897218057,0.1826066231109382,0.2033582089552238
2025-10-18 14:35:20.815982+00:00,CopulaPairsTrading,Portfolio[3 assets],1h,-10.98319417206445,-0.1771219897218057,0.1826066231109382,0.2033582089552238
2025-10-18 14:35:23.783286+00:00,CopulaPairsTrading,Portfolio[4 assets],1h,-11.33467410917995,-0.1808426032919329,0.1826066231109388,0.2024482109227872
2025-10-18 14:35:27.272767+00:00,CopulaPairsTrading,Portfolio[4 assets],1h,-11.180104241925076,-0.1775183579054612,0.1778978560212815,0.2
2025-10-18 14:35:34.127774+00:00,CopulaPairsTrading,Portfolio[2 assets],1h,-4.156145265697065,-0.2184995618152741,0.2469079707691169,0.2193688118811881
2025-10-18 14:35:40.017950+00:00,CopulaPairsTrading,Portfolio[3 assets],1h,-4.156145265697065,-0.2184995618152741,0.2469079707691169,0.2193688118811881
2025-10-18 14:35:46.266683+00:00,CopulaPairsTrading,Portfolio[4 assets],1h,-4.16260064706879,-0.2184995618152741,0.2469079707691169,0.2200496585971446
2025-10-18 14:35:52.018945+00:00,CopulaPairsTrading,Portfolio[4 assets],1h,-4.167137353295297,-0.2184995618152741,0.2469079707691169,0.2205287713841368
2025-10-18 14:36:02.744108+00:00,CopulaPairsTrading,Portfolio[2 assets],1h,-4.429888989230514,-0.4628970714693953,0.4809486381084086,0.2139987639060568
2025-10-18 14:36:13.878928+00:00,CopulaPairsTrading,Portfolio[3 assets],1h,-4.429888989230514,-0.4628970714693953,0.4809486381084086,0.2139987639060568
2025-10-18 14:36:19.486969+00:00,RiskParity,Portfolio[3 assets],1h,0.5593423749102953,0.9900796984545732,0.7536116406169036,0.5148477157360406
2025-10-18 14:36:24.198145+00:00,CopulaPairsTrading,Portfolio[4 assets],1h,-4.497866794040017,-0.4625506929784436,0.4725766254704313,0.2123181677499226
2025-10-18 14:36:29.840164+00:00,CopulaPairsTrading,Portfolio[4 assets],1h,-4.500310204162725,-0.4625506929784436,0.4725766254704313,0.212548412083656
2025-10-18 14:36:41.781921+00:00,CopulaPairsTrading,Portfolio[2 assets],1h,-6.548198779364626,-0.8118738770981254,0.8153833053987146,0.2123475609756097
2025-10-18 14:36:48.763683+00:00,CopulaPairsTrading,Portfolio[3 assets],1h,-6.548198779364626,-0.8118738770981254,0.8153833053987146,0.2123475609756097
2025-10-18 14:37:00.610053+00:00,CopulaPairsTrading,Portfolio[4 assets],1h,-6.550707749023373,-0.8118738770981254,0.8153833053987146,0.212509534706331
2025-10-18 14:37:08.172734+00:00,CopulaPairsTrading,Portfolio[4 assets],1h,-6.552465744732223,-0.8118738770981254,0.8153833053987146,0.2126230634205907
2025-10-18 14:37:19.626943+00:00,RiskParity,Portfolio[4 assets],1h,0.7334902266647794,2.3391163570106053,0.8247984806870197,0.5134298045189134
2025-10-18 14:37:34.736654+00:00,CopulaPairsTrading,Portfolio[2 assets],1h,-8.000503651405063,-0.9697312739156864,0.9703044432459208,0.2084728989037758
2025-10-18 14:37:40.132105+00:00,RiskParity,Portfolio[4 assets],1h,0.5049844326239321,0.584115511572144,0.783587279669618,0.5149429957088084
2025-10-18 14:37:41.570846+00:00,CopulaPairsTrading,Portfolio[3 assets],1h,-8.000503651405063,-0.9697312739156864,0.9703044432459208,0.2084728989037758
2025-10-18 14:37:53.534149+00:00,CopulaPairsTrading,Portfolio[4 assets],1h,-8.002037790008487,-0.9697312739156864,0.9703044432459208,0.2085522808620821
2025-10-18 14:38:10.190011+00:00,CopulaPairsTrading,Portfolio[4 assets],1h,-8.003112212291914,-0.9697312739156864,0.9703044432459208,0.2086078842125309
2025-10-18 14:38:30.001858+00:00,CopulaPairsTrading,Portfolio[2 assets],1h,-7.703222996400349,-0.9958727932707933,0.9959987076576476,0.2056598984771573
2025-10-18 14:38:31.563076+00:00,CopulaPairsTrading,Portfolio[3 assets],1h,-7.703222996400349,-0.9958727932707933,0.9959987076576476,0.2056598984771573
2025-10-18 14:38:33.538143+00:00,DeepRLPortfolio,Portfolio[2 assets],1h,0.1645456333430565,0.0001009017651713,0.1244617783186693,0.5018656716417911
2025-10-18 14:38:36.985522+00:00,DeepRLPortfolio,Portfolio[3 assets],1h,-0.333992663753367,-0.0198423300540885,0.1464338386823006,0.5205223880597015
2025-10-18 14:38:38.886897+00:00,DeepRLPortfolio,Portfolio[4 assets],1h,-0.7301642729758859,-0.0387130591549441,0.15349035920593,0.5254237288135594
2025-10-18 14:38:42.986882+00:00,DeepRLPortfolio,Portfolio[4 assets],1h,-2.1715904849597742,-0.0979009589452256,0.1445277211177822,0.4976303317535545
2025-10-18 14:38:46.535320+00:00,DeepRLPortfolio,Portfolio[2 assets],1h,0.4947242557278759,0.0405964652185275,0.1325112924134265,0.505259900990099
2025-10-18 14:38:47.720545+00:00,CopulaPairsTrading,Portfolio[4 assets],1h,-7.704207348740033,-0.9958727932707933,0.9959987076576476,0.2057121096725057
2025-10-18 14:38:51.814967+00:00,DeepRLPortfolio,Portfolio[3 assets],1h,0.6950288612716969,0.0646835214461534,0.1444508971339927,0.5213490099009901
2025-10-18 14:38:58.842836+00:00,DeepRLPortfolio,Portfolio[4 assets],1h,1.1128072105945457,0.1351974399562563,0.1499741974972473,0.5160186625194402
2025-10-18 14:38:59.522405+00:00,DeepRLPortfolio,Portfolio[4 assets],1h,0.947770165111394,0.1013301891587563,0.153956046849416,0.5238981998758535
2025-10-18 14:39:03.967802+00:00,CopulaPairsTrading,Portfolio[4 assets],1h,-7.7267291826878814,-0.9959267233715086,0.99600270894999,0.2056217149531523
2025-10-18 14:39:04.670859+00:00,DeepRLPortfolio,Portfolio[2 assets],1h,0.6177080870151211,0.1385892515382325,0.3107491493359072,0.504017305315204
2025-10-18 14:39:17.367430+00:00,DeepRLPortfolio,Portfolio[3 assets],1h,0.3054762041926834,0.0312644278014817,0.324777459304101,0.5129789864029666
2025-10-18 14:39:21.436745+00:00,DeepRLPortfolio,Portfolio[4 assets],1h,0.5070140517747821,0.0969658953282196,0.3428413419900267,0.5168678427731352
2025-10-18 14:39:25.554377+00:00,DeepRLPortfolio,Portfolio[4 assets],1h,0.2920555312602944,0.0148051920462441,0.4132359141526184,0.5115414407436096
2025-10-18 14:39:29.982839+00:00,DeepRLPortfolio,Portfolio[2 assets],1h,0.7058449133557505,0.39888862341243,0.3521371571430607,0.505564024390244
2025-10-18 14:39:56.527382+00:00,DeepRLPortfolio,Portfolio[3 assets],1h,0.567025465751021,0.2601878823990448,0.3769822039661255,0.5149390243902439
2025-10-18 14:40:15.630062+00:00,SMA_Crossover,BTC/USDT,1h,3.302064575347981,0.0518022669741847,0.0468889145256631,1.0
2025-10-18 14:40:16.445790+00:00,SMA_Crossover,BTC/USDT,1h,0.302378983092925,0.009827154902657,0.0865530678603702,0.2857142857142857
2025-10-18 14:40:17.247734+00:00,DeepRLPortfolio,Portfolio[4 assets],1h,0.4908910002578096,0.1970474235645866,0.3857507988344468,0.5145690312738368
2025-10-18 14:40:17.699880+00:00,SMA_Crossover,BTC/USDT,1h,1.4568075805936642,0.1574564519905558,0.1226109426604626,0.4615384615384615
2025-10-18 14:40:19.913956+00:00,SMA_Crossover,BTC/USDT,1h,0.702366568790424,0.1873680415407589,0.3185078619009882,0.3125
2025-10-18 14:40:22.604043+00:00,DeepRLPortfolio,Portfolio[4 assets],1h,0.5253755761258316,0.2287866724157482,0.4426798821279828,0.5128596504617263
2025-10-18 14:40:25.095065+00:00,SMA_Crossover,BTC/USDT,1h,1.1471168988034632,0.900080243699299,0.3185078619009872,0.3571428571428571
2025-10-18 14:40:25.312102+00:00,RSI_MeanReversion,BTC/USDT,1h,-7.280534181151532,-0.128344350141201,0.1340281102561843,0.0
2025-10-18 14:40:25.883602+00:00,RSI_MeanReversion,BTC/USDT,1h,-2.400338018418344,-0.1433668730908368,0.1687545833520394,0.1666666666666666
2025-10-18 14:40:26.846961+00:00,RSI_MeanReversion,BTC/USDT,1h,-0.1018037297147064,-0.0230864410525733,0.1687545833520365,0.5333333333333333
2025-10-18 14:40:28.668888+00:00,RSI_MeanReversion,BTC/USDT,1h,0.4466101664237006,0.0936708346930872,0.1798151862536582,0.5161290322580645
2025-10-18 14:40:31.342987+00:00,DeepRLPortfolio,Portfolio[2 assets],1h,1.1093509497940222,2.43558257620504,0.3790410799122848,0.5070797807551766
2025-10-18 14:40:31.973068+00:00,RSI_MeanReversion,BTC/USDT,1h,0.4910392308158604,0.2408922825091771,0.2976053183232244,0.5714285714285714
2025-10-18 14:40:32.310018+00:00,MACD_Momentum,BTC/USDT,1h,-6.329389096168726,-0.0973380626207037,0.0973380626207028,0.2692307692307692
2025-10-18 14:40:33.055335+00:00,MACD_Momentum,BTC/USDT,1h,-6.846266349079704,-0.3058119014769908,0.3066326850507141,0.2352941176470588
2025-10-18 14:40:34.613428+00:00,MACD_Momentum,BTC/USDT,1h,-3.951561798479628,-0.365132962401677,0.412052968713187,0.2634730538922156
2025-10-18 14:40:37.901691+00:00,MACD_Momentum,BTC/USDT,1h,-2.463626245630965,-0.5540717441826828,0.6084060397624629,0.2927536231884058
2025-10-18 14:40:43.913374+00:00,MACD_Momentum,BTC/USDT,1h,-1.564444982736397,-0.6773917959998836,0.7422916520042203,0.3158682634730539
2025-10-18 14:40:44.338423+00:00,BollingerBreakout,BTC/USDT,1h,0.4203129819554057,0.0051823952617005,0.0522088142231733,0.2857142857142857
2025-10-18 14:40:45.392232+00:00,BollingerBreakout,BTC/USDT,1h,-2.816461853856488,-0.1380788437936063,0.1908481653472067,0.2608695652173913
2025-10-18 14:40:47.645419+00:00,BollingerBreakout,BTC/USDT,1h,-0.4274918714574149,-0.0598272509921042,0.2283009028061452,0.3043478260869565
2025-10-18 14:40:51.046300+00:00,BollingerBreakout,BTC/USDT,1h,0.0267214203777278,-0.0335352964854835,0.3221990169552096,0.3404255319148936
2025-10-18 14:40:57.536877+00:00,BollingerBreakout,BTC/USDT,1h,0.3847515491275012,0.1530585112680668,0.334123991890539,0.3556701030927835
2025-10-18 14:40:57.978894+00:00,TripleEMA,BTC/USDT,1h,3.581334820021354,0.0557580156169533,0.0387832564238608,0.3333333333333333
2025-10-18 14:40:58.795561+00:00,TripleEMA,BTC/USDT,1h,-1.5036841505203502,-0.0727202102178522,0.1465224083356727,0.2
2025-10-18 14:41:00.486807+00:00,TripleEMA,BTC/USDT,1h,0.1279076552948961,0.0017424960806671,0.1880754000323262,0.28125
2025-10-18 14:41:03.990659+00:00,TripleEMA,BTC/USDT,1h,0.5940893804128518,0.1481868713593488,0.2854811043238456,0.3392857142857143
2025-10-18 14:41:11.299137+00:00,TripleEMA,BTC/USDT,1h,1.191576162425003,0.962961127703436,0.2854811043238453,0.3457943925233644
2025-10-18 14:41:11.839438+00:00,Supertrend_ATR,BTC/USDT,1h,-1.835080122331182,-0.0294756783604831,0.0776093196497985,0.2222222222222222
2025-10-18 14:41:12.835651+00:00,Supertrend_ATR,BTC/USDT,1h,-3.570740425072415,-0.1623274122526341,0.1914850236825672,0.2413793103448276
2025-10-18 14:41:14.308825+00:00,Supertrend_ATR,BTC/USDT,1h,0.0923267828673507,-0.0028448630822975,0.2029502613726891,0.3148148148148148
2025-10-18 14:41:17.130576+00:00,Supertrend_ATR,BTC/USDT,1h,-0.4110590329545456,-0.160434806927906,0.4201499883858772,0.308411214953271
2025-10-18 14:41:22.920371+00:00,Supertrend_ATR,BTC/USDT,1h,0.0491309581503159,-0.0659532301198301,0.4201499883858798,0.3316582914572864
2025-10-18 14:41:23.416548+00:00,Ichimoku_Cloud,BTC/USDT,1h,-1.658741723550218,-0.0430079561408703,0.1182737086303236,0.0
2025-10-18 14:41:24.491216+00:00,Ichimoku_Cloud,BTC/USDT,1h,-0.8138202215532785,-0.0678144269472539,0.1263248822972754,0.0
2025-10-18 14:41:26.280614+00:00,DeepRLPortfolio,Portfolio[3 assets],1h,0.8491650430869371,1.3235017350211151,0.3854396866992224,0.5116473812423873
2025-10-18 14:41:26.512507+00:00,Ichimoku_Cloud,BTC/USDT,1h,1.8109749193693847,0.2939198428322106,0.128123741531522,1.0
2025-10-18 14:41:30.961987+00:00,Ichimoku_Cloud,BTC/USDT,1h,1.407549004551152,0.6853139622189368,0.2999750298123669,1.0
2025-10-18 14:41:40.013597+00:00,Ichimoku_Cloud,BTC/USDT,1h,1.6295539820499154,2.709868997976313,0.3165906529034866,1.0
2025-10-18 14:41:40.759626+00:00,VWAP_MeanReversion,BTC/USDT,1h,-7.280534181151532,-0.128344350141201,0.1340281102561843,0.0
2025-10-18 14:41:42.123653+00:00,VWAP_MeanReversion,BTC/USDT,1h,-2.236691844640012,-0.1344367634029669,0.1626026910723268,0.1666666666666666
2025-10-18 14:41:43.899467+00:00,VWAP_MeanReversion,BTC/USDT,1h,-0.0477618146153656,-0.0178636336094783,0.1626026910723194,0.5
2025-10-18 14:41:47.287022+00:00,VWAP_MeanReversion,BTC/USDT,1h,0.1473937759730036,0.0009571430017051,0.1906213889886678,0.5185185185185185
2025-10-18 14:41:54.118998+00:00,VWAP_MeanReversion,BTC/USDT,1h,0.2980171435790682,0.091955055299898,0.3097771897991448,0.5614035087719298
2025-10-18 14:41:54.531838+00:00,MultiTimeframeConfluence,BTC/USDT,1h,inf,0.0,0.0,0.0
2025-10-18 14:41:55.104246+00:00,MultiTimeframeConfluence,BTC/USDT,1h,inf,0.0,0.0,0.0
2025-10-18 14:41:56.225320+00:00,MultiTimeframeConfluence,BTC/USDT,1h,inf,0.0,0.0,0.0
2025-10-18 14:41:58.392380+00:00,MultiTimeframeConfluence,BTC/USDT,1h,-0.2418327028934928,-0.1219229841873751,0.2716469819877345,0.5
2025-10-18 14:42:03.077129+00:00,MultiTimeframeConfluence,BTC/USDT,1h,0.7656104808073496,0.5867962266162638,0.3080091376412774,1.0
2025-10-18 14:42:04.903247+00:00,PortfolioRebalancer,Portfolio[2 assets],1h,-2.2030078350275035,-0.0775011788215935,0.162479695554331,0.5042134831460674
2025-10-18 14:42:05.648921+00:00,PortfolioRebalancer,Portfolio[3 assets],1h,1.086791180822259,0.033344830638243,0.1687056738594913,0.5168539325842697
2025-10-18 14:42:05.715595+00:00,DeepRLPortfolio,Portfolio[2 assets],1h,0.3220863408821702,0.0940849453132454,0.7740133380594263,0.5041878172588833
2025-10-18 14:42:06.474208+00:00,PortfolioRebalancer,Portfolio[4 assets],1h,-0.73359387310965,-0.0390711802394362,0.1771282150853245,0.5256410256410257
2025-10-18 14:42:07.319844+00:00,PortfolioRebalancer,Portfolio[4 assets],1h,-3.98116726095591,-0.1613397925467818,0.2165906439731734,0.5093525179856115
2025-10-18 14:42:08.067518+00:00,PortfolioRebalancer,Portfolio[2 assets],1h,1.3241890185950869,0.130313703496528,0.1629699518574619,0.5116171003717472
2025-10-18 14:42:09.097761+00:00,PortfolioRebalancer,Portfolio[3 assets],1h,2.4917965610740214,0.2948008436880721,0.1679300412610631,0.5315985130111525
2025-10-18 14:42:10.409149+00:00,PortfolioRebalancer,Portfolio[4 assets],1h,1.8176282352360544,0.2167746989039296,0.1834602862254514,0.5317460317460317
2025-10-18 14:42:11.673831+00:00,PortfolioRebalancer,Portfolio[4 assets],1h,0.0618102924105262,-0.030609065884377,0.2500025910608465,0.5147540983606558
2025-10-18 14:42:12.933995+00:00,PortfolioRebalancer,Portfolio[2 assets],1h,2.759589305562963,0.8112820584797424,0.1806889001631497,0.5169294990723562
2025-10-18 14:42:13.974573+00:00,DeepRLPortfolio,Portfolio[4 assets],1h,1.0641054918313548,2.172969279578536,0.3914276964783298,0.5152311324346965
2025-10-18 14:42:14.688748+00:00,PortfolioRebalancer,Portfolio[3 assets],1h,3.1982377196418232,0.9153077719609842,0.1672440860810531,0.525974025974026
2025-10-18 14:42:16.759649+00:00,PortfolioRebalancer,Portfolio[4 assets],1h,2.615955209728562,0.7675311674421228,0.1883204258715037,0.5276615527661552
2025-10-18 14:42:18.779377+00:00,PortfolioRebalancer,Portfolio[4 assets],1h,1.6049114843008627,0.4325883043225229,0.247992588999758,0.5185098952270082
2025-10-18 14:42:20.664748+00:00,PortfolioRebalancer,Portfolio[2 assets],1h,1.29319583035929,0.7455820278354229,0.4900818225125086,0.5151965265082267
2025-10-18 14:42:22.121811+00:00,DeepRLPortfolio,Portfolio[4 assets],1h,0.9355886673428242,1.7701452644424047,0.4308125611809281,0.5139592458579318
2025-10-18 14:42:23.369917+00:00,PortfolioRebalancer,Portfolio[3 assets],1h,1.5141911164389026,0.9127321932864688,0.4267825261534481,0.5226234003656307
2025-10-18 14:42:27.328624+00:00,PortfolioRebalancer,Portfolio[4 assets],1h,1.251452570369071,0.747011157206638,0.4626022844924434,0.5228780599405171
2025-10-18 14:42:30.825680+00:00,PortfolioRebalancer,Portfolio[4 assets],1h,1.5858319316505136,1.453460324924032,0.4832407518279959,0.5181453921007442
2025-10-18 14:42:34.287580+00:00,PortfolioRebalancer,Portfolio[2 assets],1h,1.4243852107174009,2.4524188693271687,0.4912158371519946,0.5154751027866605
2025-10-18 14:42:39.456468+00:00,PortfolioRebalancer,Portfolio[3 assets],1h,1.6673281865621583,3.287951528187994,0.4274382700001621,0.5231841023298309
2025-10-18 14:42:46.339110+00:00,PortfolioRebalancer,Portfolio[4 assets],1h,1.731641470738836,4.375744762469644,0.4465090645599281,0.5236544394926295
2025-10-18 14:42:52.409661+00:00,PortfolioRebalancer,Portfolio[4 assets],1h,1.4512813581063262,3.369995108139574,0.4775440173994081,0.5192340668762504
2025-10-18 14:42:54.595062+00:00,HierarchicalRiskParity,Portfolio[2 assets],1h,-1.343521668122705,-0.075637025635939,0.1637604445787685,0.5102611940298507
2025-10-18 14:42:57.597693+00:00,HierarchicalRiskParity,Portfolio[3 assets],1h,0.988374795419804,0.0413961599498747,0.1674431943334667,0.5251865671641791
2025-10-18 14:43:01.887105+00:00,HierarchicalRiskParity,Portfolio[4 assets],1h,-0.0077964347019994,-0.0138575686027294,0.1778662261794387,0.5338983050847458
2025-10-18 14:43:05.374154+00:00,HierarchicalRiskParity,Portfolio[4 assets],1h,-2.4446890561051284,-0.1515524520345248,0.2182113152169232,0.5175355450236967
2025-10-18 14:43:09.900338+00:00,DeepRLPortfolio,Portfolio[3 assets],1h,0.1516461177726877,-0.2857084875124333,0.7630121180728163,0.5106091370558375
2025-10-18 14:43:10.629687+00:00,HierarchicalRiskParity,Portfolio[2 assets],1h,1.5349730709098064,0.2423314155166084,0.1721177313259749,0.5148514851485149
2025-10-18 14:43:17.393308+00:00,HierarchicalRiskParity,Portfolio[3 assets],1h,2.243171790742007,0.3763121638126751,0.1674431943334663,0.5250618811881188
2025-10-18 14:43:26.958996+00:00,HierarchicalRiskParity,Portfolio[4 assets],1h,1.8841314821382484,0.3348605457596301,0.1778662261794389,0.5273122284295468
2025-10-18 14:43:35.904368+00:00,HierarchicalRiskParity,Portfolio[4 assets],1h,0.9887679017050268,0.1541208612824761,0.2438452975017978,0.5172628304821151
2025-10-18 14:43:45.724783+00:00,HierarchicalRiskParity,Portfolio[2 assets],1h,0.7271241287642369,0.2027447821388108,0.4573144245503325,0.5142150803461063
2025-10-18 14:43:58.742954+00:00,HierarchicalRiskParity,Portfolio[3 assets],1h,1.039425544013611,0.344534451040882,0.3996988374820932,0.5197775030902348
2025-10-18 14:44:07.398521+00:00,DeepRLPortfolio,Portfolio[4 assets],1h,0.3201907633534008,0.063843278666783,0.7633356267346024,0.5134298045189134
2025-10-18 14:44:10.751017+00:00,DeepRLPortfolio,Portfolio[4 assets],1h,0.1791757803305548,-0.2864635784715804,0.8089148267339592,0.5117182540690145
2025-10-18 14:44:16.953063+00:00,HierarchicalRiskParity,Portfolio[4 assets],1h,0.8380640006591873,0.2635872838605442,0.4625827295623472,0.5196533580934695
2025-10-18 14:44:33.977694+00:00,HierarchicalRiskParity,Portfolio[4 assets],1h,0.28773212170626,-0.0359760497869838,0.4783862904049595,0.5113865220759102
2025-10-18 14:44:52.084795+00:00,HierarchicalRiskParity,Portfolio[2 assets],1h,0.7354542939866489,0.4621166809943168,0.5015336323503317,0.5124237804878049
2025-10-18 14:45:17.035849+00:00,HierarchicalRiskParity,Portfolio[3 assets],1h,0.8879858279486844,0.633021973025085,0.4329516292318214,0.5189024390243903
2025-10-18 14:45:48.019282+00:00,HierarchicalRiskParity,Portfolio[4 assets],1h,0.8155215837648304,0.5792446522475304,0.4648515280794043,0.5175438596491229
2025-10-18 14:46:19.645645+00:00,HierarchicalRiskParity,Portfolio[4 assets],1h,1.0579157919766509,1.0856518593412086,0.4783862904049574,0.5140807448675876
2025-10-18 14:46:52.665215+00:00,HierarchicalRiskParity,Portfolio[2 assets],1h,1.2089042969682606,3.365990283622346,0.5015336323503298,0.5122563946406821
2025-10-18 14:47:40.544779+00:00,HierarchicalRiskParity,Portfolio[3 assets],1h,1.258061693804112,3.5320847059280065,0.4329516292318242,0.5182323386114495
2025-10-18 14:48:41.771430+00:00,HierarchicalRiskParity,Portfolio[4 assets],1h,1.2848438205983683,4.612908684731194,0.4648515280794051,0.5175919579620745
2025-10-18 20:41:18.628340+00:00,SMA_Crossover,BTC/USDT,1h,3.302064575347981,0.0518022669741847,0.0468889145256631,1.0
2025-10-18 20:41:18.649142+00:00,RSI_MeanReversion,BTC/USDT,1h,-7.280534181151532,-0.128344350141201,0.1340281102561843,0.0
2025-10-18 20:41:18.984657+00:00,MACD_Momentum,BTC/USDT,1h,-6.329389096168726,-0.0973380626207037,0.0973380626207028,0.2692307692307692
2025-10-18 20:41:19.056301+00:00,BollingerBreakout,BTC/USDT,1h,0.4203129819554057,0.0051823952617005,0.0522088142231733,0.2857142857142857
2025-10-18 20:41:19.377418+00:00,TripleEMA,BTC/USDT,1h,3.581334820021354,0.0557580156169533,0.0387832564238608,0.3333333333333333
2025-10-18 20:41:20.222905+00:00,Supertrend_ATR,BTC/USDT,1h,-1.835080122331182,-0.0294756783604831,0.0776093196497985,0.2222222222222222
2025-10-18 20:41:20.601464+00:00,Ichimoku_Cloud,BTC/USDT,1h,-1.658741723550218,-0.0430079561408703,0.1182737086303236,0.0
2025-10-18 20:41:20.641738+00:00,VWAP_MeanReversion,BTC/USDT,1h,-7.280534181151532,-0.128344350141201,0.1340281102561843,0.0
2025-10-18 20:41:20.838816+00:00,MultiTimeframeConfluence,BTC/USDT,1h,inf,0.0,0.0,0.0
2025-10-18 21:26:05.388452+00:00,RSI_MeanReversion,BTC/USDT,1h,-7.280534181151532,-0.128344350141201,0.1340281102561843,0.0
2025-10-18 21:26:05.643831+00:00,SMA_Crossover,BTC/USDT,1h,3.302064575347981,0.0518022669741847,0.0468889145256631,1.0
2025-10-18 21:26:05.689597+00:00,MACD_Momentum,BTC/USDT,1h,-6.329389096168726,-0.0973380626207037,0.0973380626207028,0.2692307692307692
2025-10-18 21:26:06.043268+00:00,BollingerBreakout,BTC/USDT,1h,0.4203129819554057,0.0051823952617005,0.0522088142231733,0.2857142857142857
2025-10-18 21:26:06.075779+00:00,TripleEMA,BTC/USDT,1h,3.581334820021354,0.0557580156169533,0.0387832564238608,0.3333333333333333
2025-10-18 21:26:06.344064+00:00,Supertrend_ATR,BTC/USDT,1h,-1.835080122331182,-0.0294756783604831,0.0776093196497985,0.2222222222222222
2025-10-18 21:26:07.201216+00:00,Ichimoku_Cloud,BTC/USDT,1h,-1.658741723550218,-0.0430079561408703,0.1182737086303236,0.0
2025-10-18 21:26:07.352166+00:00,OnChainAnalytics,BTC/USDT,1h,inf,0.0,0.0,0.0
2025-10-18 21:26:07.513506+00:00,VWAP_MeanReversion,BTC/USDT,1h,-7.280534181151532,-0.128344350141201,0.1340281102561843,0.0
2025-10-18 21:26:07.583000+00:00,MultiTimeframeConfluence,BTC/USDT,1h,inf,0.0,0.0,0.0
2025-10-18 21:26:08.225152+00:00,VolatilityRegimeAdaptive,BTC/USDT,1h,-1.835080122331182,-0.0294756783604831,0.0776093196497985,0.2222222222222222
2025-10-18 21:26:08.537075+00:00,DDQNFeatureSelected,BTC/USDT,1h,inf,0.0,0.0,0.0
2025-10-18 21:26:08.672004+00:00,OrderFlowImbalance,BTC/USDT,1h,inf,0.0,0.0,0.0
2025-10-18 21:28:58.881795+00:00,SMA_Crossover,BTC/USDT,1h,3.302064575347981,0.0518022669741847,0.0468889145256631,1.0
2025-10-18 21:28:59.157593+00:00,MACD_Momentum,BTC/USDT,1h,-6.329389096168726,-0.0973380626207037,0.0973380626207028,0.2692307692307692
2025-10-18 21:28:59.267621+00:00,RSI_MeanReversion,BTC/USDT,1h,-7.280534181151532,-0.128344350141201,0.1340281102561843,0.0
2025-10-18 21:28:59.593900+00:00,TripleEMA,BTC/USDT,1h,3.581334820021354,0.0557580156169533,0.0387832564238608,0.3333333333333333
2025-10-18 21:29:00.407600+00:00,BollingerBreakout,BTC/USDT,1h,0.4203129819554057,0.0051823952617005,0.0522088142231733,0.2857142857142857
2025-10-18 21:29:00.781575+00:00,Supertrend_ATR,BTC/USDT,1h,-1.835080122331182,-0.0294756783604831,0.0776093196497985,0.2222222222222222
2025-10-18 21:29:00.894666+00:00,Ichimoku_Cloud,BTC/USDT,1h,-1.658741723550218,-0.0430079561408703,0.1182737086303236,0.0
2025-10-18 21:29:01.028993+00:00,OnChainAnalytics,BTC/USDT,1h,inf,0.0,0.0,0.0
2025-10-18 21:29:01.108416+00:00,VWAP_MeanReversion,BTC/USDT,1h,-7.280534181151532,-0.128344350141201,0.1340281102561843,0.0
2025-10-18 21:29:01.304616+00:00,MultiTimeframeConfluence,BTC/USDT,1h,inf,0.0,0.0,0.0
2025-10-18 21:29:02.157798+00:00,VolatilityRegimeAdaptive,BTC/USDT,1h,-1.835080122331182,-0.0294756783604831,0.0776093196497985,0.2222222222222222
2025-10-18 21:29:02.414112+00:00,TransformerGRUPredictor,BTC/USDT,1h,inf,0.0,0.0,0.0
2025-10-18 21:29:02.510290+00:00,DynamicEnsemble,BTC/USDT,1h,inf,0.0,0.0,0.0
2025-10-18 21:29:03.277915+00:00,DDQNFeatureSelected,BTC/USDT,1h,inf,0.0,0.0,0.0
2025-10-18 21:29:03.486473+00:00,OrderFlowImbalance,BTC/USDT,1h,inf,0.0,0.0,0.0
2025-10-18 21:29:04.153283+00:00,MultiModalSentimentFusion,BTC/USDT,1h,inf,0.0,0.0,0.0
2025-10-18 21:36:19.192508+00:00,SMA_Crossover,BTC/USDT,1h,3.302064575347981,0.0518022669741847,0.0468889145256631,1.0
2025-10-18 21:36:19.414607+00:00,RSI_MeanReversion,BTC/USDT,1h,-7.280534181151532,-0.128344350141201,0.1340281102561843,0.0
2025-10-18 21:36:19.504376+00:00,SMA_Crossover,BTC/USDT,1h,0.302378983092925,0.009827154902657,0.0865530678603702,0.2857142857142857
2025-10-18 21:36:19.996531+00:00,SMA_Crossover,BTC/USDT,1h,1.4568075805936642,0.1574564519905558,0.1226109426604626,0.4615384615384615
2025-10-18 21:36:20.150273+00:00,RSI_MeanReversion,BTC/USDT,1h,-2.400338018418344,-0.1433668730908368,0.1687545833520394,0.1666666666666666
2025-10-18 21:36:20.400290+00:00,RSI_MeanReversion,BTC/USDT,1h,-0.1018037297147064,-0.0230864410525733,0.1687545833520365,0.5333333333333333
2025-10-18 21:36:20.753090+00:00,MACD_Momentum,BTC/USDT,1h,-6.329389096168726,-0.0973380626207037,0.0973380626207028,0.2692307692307692
2025-10-18 21:36:21.227614+00:00,MACD_Momentum,BTC/USDT,1h,-6.846266349079704,-0.3058119014769908,0.3066326850507141,0.2352941176470588
2025-10-18 21:36:21.378346+00:00,SMA_Crossover,BTC/USDT,1h,0.702366568790424,0.1873680415407589,0.3185078619009882,0.3125
2025-10-18 21:36:21.758373+00:00,BollingerBreakout,BTC/USDT,1h,0.4203129819554057,0.0051823952617005,0.0522088142231733,0.2857142857142857
2025-10-18 21:36:21.866986+00:00,RSI_MeanReversion,BTC/USDT,1h,0.4466101664237006,0.0936708346930872,0.1798151862536582,0.5161290322580645
2025-10-18 21:36:22.646264+00:00,BollingerBreakout,BTC/USDT,1h,-2.816461853856488,-0.1380788437936063,0.1908481653472067,0.2608695652173913
2025-10-18 21:36:22.740278+00:00,MACD_Momentum,BTC/USDT,1h,-3.951561798479628,-0.365132962401677,0.412052968713187,0.2634730538922156
2025-10-18 21:36:23.154037+00:00,TripleEMA,BTC/USDT,1h,3.581334820021354,0.0557580156169533,0.0387832564238608,0.3333333333333333
2025-10-18 21:36:23.471146+00:00,BollingerBreakout,BTC/USDT,1h,-0.4274918714574149,-0.0598272509921042,0.2283009028061452,0.3043478260869565
2025-10-18 21:36:24.022068+00:00,TripleEMA,BTC/USDT,1h,-1.5036841505203502,-0.0727202102178522,0.1465224083356727,0.2
2025-10-18 21:36:24.825268+00:00,MACD_Momentum,BTC/USDT,1h,-2.463626245630965,-0.5540717441826828,0.6084060397624629,0.2927536231884058
2025-10-18 21:36:25.151495+00:00,TripleEMA,BTC/USDT,1h,0.1279076552948961,0.0017424960806671,0.1880754000323262,0.28125
2025-10-18 21:36:25.234482+00:00,Supertrend_ATR,BTC/USDT,1h,-1.835080122331182,-0.0294756783604831,0.0776093196497985,0.2222222222222222
2025-10-18 21:36:25.946707+00:00,Supertrend_ATR,BTC/USDT,1h,-3.570740425072415,-0.1623274122526341,0.1914850236825672,0.2413793103448276
2025-10-18 21:36:26.391430+00:00,BollingerBreakout,BTC/USDT,1h,0.0267214203777278,-0.0335352964854835,0.3221990169552096,0.3404255319148936
2025-10-18 21:36:26.690381+00:00,Supertrend_ATR,BTC/USDT,1h,0.0923267828673507,-0.0028448630822975,0.2029502613726891,0.3148148148148148
2025-10-18 21:36:26.993245+00:00,Ichimoku_Cloud,BTC/USDT,1h,-1.658741723550218,-0.0430079561408703,0.1182737086303236,0.0
2025-10-18 21:36:27.286310+00:00,TripleEMA,BTC/USDT,1h,0.5940893804128518,0.1481868713593488,0.2854811043238456,0.3392857142857143
2025-10-18 21:36:28.047889+00:00,Ichimoku_Cloud,BTC/USDT,1h,-0.8138202215532785,-0.0678144269472539,0.1263248822972754,0.0
2025-10-18 21:36:28.409267+00:00,VWAP_MeanReversion,BTC/USDT,1h,-7.280534181151532,-0.128344350141201,0.1340281102561843,0.0
2025-10-18 21:36:28.867048+00:00,Supertrend_ATR,BTC/USDT,1h,-0.4110590329545456,-0.160434806927906,0.4201499883858772,0.308411214953271
2025-10-18 21:36:29.396210+00:00,VWAP_MeanReversion,BTC/USDT,1h,-2.236691844640012,-0.1344367634029669,0.1626026910723268,0.1666666666666666
2025-10-18 21:36:29.429117+00:00,Ichimoku_Cloud,BTC/USDT,1h,1.8109749193693847,0.2939198428322106,0.128123741531522,1.0
2025-10-18 21:36:29.613564+00:00,OnChainAnalytics,BTC/USDT,1h,inf,0.0,0.0,0.0
2025-10-18 21:36:29.894557+00:00,OnChainAnalytics,BTC/USDT,1h,inf,0.0,0.0,0.0
2025-10-18 21:36:30.449629+00:00,OnChainAnalytics,BTC/USDT,1h,inf,0.0,0.0,0.0
2025-10-18 21:36:30.673778+00:00,VWAP_MeanReversion,BTC/USDT,1h,-0.0477618146153656,-0.0178636336094783,0.1626026910723194,0.5
2025-10-18 21:36:30.989351+00:00,MultiTimeframeConfluence,BTC/USDT,1h,inf,0.0,0.0,0.0
2025-10-18 21:36:31.517845+00:00,MultiTimeframeConfluence,BTC/USDT,1h,inf,0.0,0.0,0.0
2025-10-18 21:36:32.058526+00:00,OnChainAnalytics,BTC/USDT,1h,inf,0.0,0.0,0.0
2025-10-18 21:36:32.149763+00:00,Ichimoku_Cloud,BTC/USDT,1h,1.407549004551152,0.6853139622189368,0.2999750298123669,1.0
2025-10-18 21:36:33.133373+00:00,MultiTimeframeConfluence,BTC/USDT,1h,inf,0.0,0.0,0.0
2025-10-18 21:36:33.396483+00:00,VWAP_MeanReversion,BTC/USDT,1h,0.1473937759730036,0.0009571430017051,0.1906213889886678,0.5185185185185185
2025-10-18 21:36:34.436490+00:00,VolatilityRegimeAdaptive,BTC/USDT,1h,-1.835080122331182,-0.0294756783604831,0.0776093196497985,0.2222222222222222
2025-10-18 21:36:35.218918+00:00,MultiTimeframeConfluence,BTC/USDT,1h,-0.2418327028934928,-0.1219229841873751,0.2716469819877345,0.5
2025-10-18 21:36:36.547222+00:00,VolatilityRegimeAdaptive,BTC/USDT,1h,inf,0.0,0.0,0.0
2025-10-18 21:36:37.094044+00:00,DynamicEnsemble,BTC/USDT,1h,inf,0.0,0.0,0.0
2025-10-18 21:36:39.621620+00:00,VolatilityRegimeAdaptive,BTC/USDT,1h,-0.1018037297147064,-0.0230864410525733,0.1687545833520365,0.5333333333333333
2025-10-18 21:36:40.780867+00:00,DynamicEnsemble,BTC/USDT,1h,-4.538647256373082,-0.2308680970466447,0.2536672339864785,0.3214285714285714
2025-10-18 21:36:41.033403+00:00,TransformerGRUPredictor,BTC/USDT,1h,inf,0.0,0.0,0.0
2025-10-18 21:36:41.296838+00:00,TransformerGRUPredictor,BTC/USDT,1h,inf,0.0,0.0,0.0
2025-10-18 21:36:41.806951+00:00,TransformerGRUPredictor,BTC/USDT,1h,inf,0.0,0.0,0.0
2025-10-18 21:36:42.065616+00:00,VolatilityRegimeAdaptive,BTC/USDT,1h,0.4466101664237006,0.0936708346930872,0.1798151862536582,0.5161290322580645
2025-10-18 21:36:42.506953+00:00,DynamicEnsemble,BTC/USDT,1h,inf,0.0,0.0,0.0
2025-10-18 21:36:42.728928+00:00,TransformerGRUPredictor,BTC/USDT,1h,inf,0.0,0.0,0.0
2025-10-18 21:36:43.030639+00:00,DDQNFeatureSelected,BTC/USDT,1h,inf,0.0,0.0,0.0
2025-10-18 21:36:43.598648+00:00,DDQNFeatureSelected,BTC/USDT,1h,inf,0.0,0.0,0.0
2025-10-18 21:36:44.175163+00:00,DDQNFeatureSelected,BTC/USDT,1h,inf,0.0,0.0,0.0
2025-10-18 21:36:44.664717+00:00,DDQNFeatureSelected,BTC/USDT,1h,inf,0.0,0.0,0.0
2025-10-18 21:36:45.454571+00:00,MultiModalSentimentFusion,BTC/USDT,1h,inf,0.0,0.0,0.0
2025-10-18 21:36:45.969829+00:00,MultiModalSentimentFusion,BTC/USDT,1h,inf,0.0,0.0,0.0
2025-10-18 21:36:46.139862+00:00,OrderFlowImbalance,BTC/USDT,1h,inf,0.0,0.0,0.0
2025-10-18 21:36:46.457076+00:00,OrderFlowImbalance,BTC/USDT,1h,inf,0.0,0.0,0.0
2025-10-18 21:36:46.669303+00:00,MultiModalSentimentFusion,BTC/USDT,1h,inf,0.0,0.0,0.0
2025-10-18 21:36:46.936595+00:00,OrderFlowImbalance,BTC/USDT,1h,inf,0.0,0.0,0.0
2025-10-18 21:36:47.581743+00:00,OrderFlowImbalance,BTC/USDT,1h,inf,0.0,0.0,0.0
2025-10-18 21:36:48.078050+00:00,MultiModalSentimentFusion,BTC/USDT,1h,inf,0.0,0.0,0.0
2025-10-18 21:36:49.832598+00:00,DynamicEnsemble,BTC/USDT,1h,inf,0.0,0.0,0.0
2025-10-18 21:47:11.865892+00:00,SMA_Crossover,BTC/USDT,1h,3.302064575347981,0.0518022669741847,0.0468889145256631,1.0
2025-10-18 21:47:12.036224+00:00,RSI_MeanReversion,BTC/USDT,1h,-7.280534181151532,-0.128344350141201,0.1340281102561843,0.0
2025-10-18 21:47:12.186354+00:00,MACD_Momentum,BTC/USDT,1h,-6.329389096168726,-0.0973380626207037,0.0973380626207028,0.2692307692307692
2025-10-18 21:47:12.384222+00:00,BollingerBreakout,BTC/USDT,1h,0.4203129819554057,0.0051823952617005,0.0522088142231733,0.2857142857142857
2025-10-18 21:47:13.430289+00:00,TripleEMA,BTC/USDT,1h,3.581334820021354,0.0557580156169533,0.0387832564238608,0.3333333333333333
2025-10-18 21:47:13.467859+00:00,Supertrend_ATR,BTC/USDT,1h,-1.835080122331182,-0.0294756783604831,0.0776093196497985,0.2222222222222222
2025-10-18 21:47:13.862145+00:00,VWAP_MeanReversion,BTC/USDT,1h,-7.280534181151532,-0.128344350141201,0.1340281102561843,0.0
2025-10-18 21:47:13.904369+00:00,Ichimoku_Cloud,BTC/USDT,1h,-1.658741723550218,-0.0430079561408703,0.1182737086303236,0.0
2025-10-18 21:47:14.023313+00:00,OnChainAnalytics,BTC/USDT,1h,inf,0.0,0.0,0.0
2025-10-18 21:47:14.146377+00:00,MultiTimeframeConfluence,BTC/USDT,1h,inf,0.0,0.0,0.0
2025-10-18 21:47:14.797091+00:00,VolatilityRegimeAdaptive,BTC/USDT,1h,-1.835080122331182,-0.0294756783604831,0.0776093196497985,0.2222222222222222
2025-10-18 21:47:14.954402+00:00,TransformerGRUPredictor,BTC/USDT,1h,inf,0.0,0.0,0.0
2025-10-18 21:47:15.051614+00:00,DynamicEnsemble,BTC/USDT,1h,inf,0.0,0.0,0.0
2025-10-18 21:47:15.954545+00:00,OrderFlowImbalance,BTC/USDT,1h,inf,0.0,0.0,0.0
2025-10-18 21:47:16.530029+00:00,MultiModalSentimentFusion,BTC/USDT,1h,inf,0.0,0.0,0.0
2025-10-18 21:51:09.836381+00:00,SMA_Crossover,BTC/USDT,1h,3.302064575347981,0.0518022669741847,0.0468889145256631,1.0
2025-10-18 21:51:10.099801+00:00,RSI_MeanReversion,BTC/USDT,1h,-7.280534181151532,-0.128344350141201,0.1340281102561843,0.0
2025-10-18 21:51:10.481286+00:00,SMA_Crossover,BTC/USDT,1h,0.302378983092925,0.009827154902657,0.0865530678603702,0.2857142857142857
2025-10-18 21:51:10.626445+00:00,RSI_MeanReversion,BTC/USDT,1h,-2.400338018418344,-0.1433668730908368,0.1687545833520394,0.1666666666666666
2025-10-18 21:51:11.350524+00:00,SMA_Crossover,BTC/USDT,1h,1.4568075805936642,0.1574564519905558,0.1226109426604626,0.4615384615384615
2025-10-18 21:51:11.573420+00:00,RSI_MeanReversion,BTC/USDT,1h,-0.1018037297147064,-0.0230864410525733,0.1687545833520365,0.5333333333333333
2025-10-18 21:51:11.846602+00:00,MACD_Momentum,BTC/USDT,1h,-6.329389096168726,-0.0973380626207037,0.0973380626207028,0.2692307692307692
2025-10-18 21:51:12.404277+00:00,RSI_MeanReversion,BTC/USDT,1h,0.4466101664237006,0.0936708346930872,0.1798151862536582,0.5161290322580645
2025-10-18 21:51:12.594014+00:00,MACD_Momentum,BTC/USDT,1h,-6.846266349079704,-0.3058119014769908,0.3066326850507141,0.2352941176470588
2025-10-18 21:51:13.154046+00:00,BollingerBreakout,BTC/USDT,1h,0.4203129819554057,0.0051823952617005,0.0522088142231733,0.2857142857142857
2025-10-18 21:51:13.521530+00:00,SMA_Crossover,BTC/USDT,1h,0.702366568790424,0.1873680415407589,0.3185078619009882,0.3125
2025-10-18 21:51:14.194948+00:00,MACD_Momentum,BTC/USDT,1h,-3.951561798479628,-0.365132962401677,0.412052968713187,0.2634730538922156
2025-10-18 21:51:14.527421+00:00,BollingerBreakout,BTC/USDT,1h,-2.816461853856488,-0.1380788437936063,0.1908481653472067,0.2608695652173913
2025-10-18 21:51:15.074853+00:00,TripleEMA,BTC/USDT,1h,3.581334820021354,0.0557580156169533,0.0387832564238608,0.3333333333333333
2025-10-18 21:51:15.384531+00:00,BollingerBreakout,BTC/USDT,1h,-0.4274918714574149,-0.0598272509921042,0.2283009028061452,0.3043478260869565
2025-10-18 21:51:16.164724+00:00,TripleEMA,BTC/USDT,1h,-1.5036841505203502,-0.0727202102178522,0.1465224083356727,0.2
2025-10-18 21:51:17.160392+00:00,MACD_Momentum,BTC/USDT,1h,-2.463626245630965,-0.5540717441826828,0.6084060397624629,0.2927536231884058
2025-10-18 21:51:17.262751+00:00,TripleEMA,BTC/USDT,1h,0.1279076552948961,0.0017424960806671,0.1880754000323262,0.28125
2025-10-18 21:51:17.772157+00:00,Supertrend_ATR,BTC/USDT,1h,-1.835080122331182,-0.0294756783604831,0.0776093196497985,0.2222222222222222
2025-10-18 21:51:18.278199+00:00,Supertrend_ATR,BTC/USDT,1h,-3.570740425072415,-0.1623274122526341,0.1914850236825672,0.2413793103448276
2025-10-18 21:51:18.917313+00:00,BollingerBreakout,BTC/USDT,1h,0.0267214203777278,-0.0335352964854835,0.3221990169552096,0.3404255319148936
2025-10-18 21:51:19.409154+00:00,Ichimoku_Cloud,BTC/USDT,1h,-1.658741723550218,-0.0430079561408703,0.1182737086303236,0.0
2025-10-18 21:51:19.650048+00:00,Supertrend_ATR,BTC/USDT,1h,0.0923267828673507,-0.0028448630822975,0.2029502613726891,0.3148148148148148
2025-10-18 21:51:20.761454+00:00,TripleEMA,BTC/USDT,1h,0.5940893804128518,0.1481868713593488,0.2854811043238456,0.3392857142857143
2025-10-18 21:51:20.874262+00:00,Ichimoku_Cloud,BTC/USDT,1h,-0.8138202215532785,-0.0678144269472539,0.1263248822972754,0.0
2025-10-18 21:51:21.412218+00:00,VWAP_MeanReversion,BTC/USDT,1h,-7.280534181151532,-0.128344350141201,0.1340281102561843,0.0
2025-10-18 21:51:22.481253+00:00,Ichimoku_Cloud,BTC/USDT,1h,1.8109749193693847,0.2939198428322106,0.128123741531522,1.0
2025-10-18 21:51:22.521547+00:00,VWAP_MeanReversion,BTC/USDT,1h,-2.236691844640012,-0.1344367634029669,0.1626026910723268,0.1666666666666666
2025-10-18 21:51:22.594208+00:00,Supertrend_ATR,BTC/USDT,1h,-0.4110590329545456,-0.160434806927906,0.4201499883858772,0.308411214953271
2025-10-18 21:51:22.807243+00:00,OnChainAnalytics,BTC/USDT,1h,inf,0.0,0.0,0.0
2025-10-18 21:51:23.155670+00:00,OnChainAnalytics,BTC/USDT,1h,inf,0.0,0.0,0.0
2025-10-18 21:51:23.524286+00:00,OnChainAnalytics,BTC/USDT,1h,inf,0.0,0.0,0.0
2025-10-18 21:51:25.044103+00:00,OnChainAnalytics,BTC/USDT,1h,inf,0.0,0.0,0.0
2025-10-18 21:51:25.284656+00:00,MultiTimeframeConfluence,BTC/USDT,1h,inf,0.0,0.0,0.0
2025-10-18 21:51:25.481618+00:00,VWAP_MeanReversion,BTC/USDT,1h,-0.0477618146153656,-0.0178636336094783,0.1626026910723194,0.5
2025-10-18 21:51:25.769709+00:00,MultiTimeframeConfluence,BTC/USDT,1h,inf,0.0,0.0,0.0
2025-10-18 21:51:26.317530+00:00,MultiTimeframeConfluence,BTC/USDT,1h,inf,0.0,0.0,0.0
2025-10-18 21:51:26.698027+00:00,Ichimoku_Cloud,BTC/USDT,1h,1.407549004551152,0.6853139622189368,0.2999750298123669,1.0
2025-10-18 21:51:27.688489+00:00,VWAP_MeanReversion,BTC/USDT,1h,0.1473937759730036,0.0009571430017051,0.1906213889886678,0.5185185185185185
2025-10-18 21:51:28.439860+00:00,MultiTimeframeConfluence,BTC/USDT,1h,-0.2418327028934928,-0.1219229841873751,0.2716469819877345,0.5
2025-10-18 21:51:28.516935+00:00,VolatilityRegimeAdaptive,BTC/USDT,1h,-1.835080122331182,-0.0294756783604831,0.0776093196497985,0.2222222222222222
2025-10-18 21:51:30.724967+00:00,DynamicEnsemble,BTC/USDT,1h,inf,0.0,0.0,0.0
2025-10-18 21:51:31.204217+00:00,VolatilityRegimeAdaptive,BTC/USDT,1h,inf,0.0,0.0,0.0
2025-10-18 21:51:35.435482+00:00,DynamicEnsemble,BTC/USDT,1h,inf,0.0,0.0,0.0
2025-10-18 21:51:35.613386+00:00,VolatilityRegimeAdaptive,BTC/USDT,1h,-0.1018037297147064,-0.0230864410525733,0.1687545833520365,0.5333333333333333
2025-10-18 21:51:35.837690+00:00,TransformerGRUPredictor,BTC/USDT,1h,inf,0.0,0.0,0.0
2025-10-18 21:51:36.248901+00:00,TransformerGRUPredictor,BTC/USDT,1h,inf,0.0,0.0,0.0
2025-10-18 21:51:36.880107+00:00,TransformerGRUPredictor,BTC/USDT,1h,inf,0.0,0.0,0.0
2025-10-18 21:51:36.984811+00:00,VolatilityRegimeAdaptive,BTC/USDT,1h,0.4466101664237006,0.0936708346930872,0.1798151862536582,0.5161290322580645
2025-10-18 21:51:38.119701+00:00,TransformerGRUPredictor,BTC/USDT,1h,inf,0.0,0.0,0.0
2025-10-18 21:51:38.954014+00:00,DynamicEnsemble,BTC/USDT,1h,inf,0.0,0.0,0.0
2025-10-18 21:51:40.687857+00:00,MultiModalSentimentFusion,BTC/USDT,1h,inf,0.0,0.0,0.0
2025-10-18 21:51:40.950579+00:00,MultiModalSentimentFusion,BTC/USDT,1h,inf,0.0,0.0,0.0
2025-10-18 21:51:41.123263+00:00,OrderFlowImbalance,BTC/USDT,1h,inf,0.0,0.0,0.0
2025-10-18 21:51:41.430065+00:00,OrderFlowImbalance,BTC/USDT,1h,inf,0.0,0.0,0.0
2025-10-18 21:51:41.858344+00:00,OrderFlowImbalance,BTC/USDT,1h,inf,0.0,0.0,0.0
2025-10-18 21:51:42.315246+00:00,MultiModalSentimentFusion,BTC/USDT,1h,inf,0.0,0.0,0.0
2025-10-18 21:51:42.867141+00:00,OrderFlowImbalance,BTC/USDT,1h,inf,0.0,0.0,0.0
2025-10-18 21:51:43.189597+00:00,MultiModalSentimentFusion,BTC/USDT,1h,inf,0.0,0.0,0.0
2025-10-18 21:51:45.704803+00:00,DynamicEnsemble,BTC/USDT,1h,inf,0.0,0.0,0.0
2025-10-18 22:01:08.631442+00:00,SMA_Crossover,BTC/USDT,1h,3.302064575347981,0.0518022669741847,0.0468889145256631,1.0
2025-10-18 22:01:08.894157+00:00,RSI_MeanReversion,BTC/USDT,1h,-7.280534181151532,-0.128344350141201,0.1340281102561843,0.0
2025-10-18 22:01:09.466915+00:00,RSI_MeanReversion,BTC/USDT,1h,-2.400338018418344,-0.1433668730908368,0.1687545833520394,0.1666666666666666
2025-10-18 22:01:10.479038+00:00,SMA_Crossover,BTC/USDT,1h,0.302378983092925,0.009827154902657,0.0865530678603702,0.2857142857142857
2025-10-18 22:01:10.545262+00:00,RSI_MeanReversion,BTC/USDT,1h,-0.1018037297147064,-0.0230864410525733,0.1687545833520365,0.5333333333333333
2025-10-18 22:01:10.976367+00:00,MACD_Momentum,BTC/USDT,1h,-6.329389096168726,-0.0973380626207037,0.0973380626207028,0.2692307692307692
2025-10-18 22:01:11.215577+00:00,SMA_Crossover,BTC/USDT,1h,0.702366568790424,0.1873680415407589,0.3185078619009882,0.3125
2025-10-18 22:01:11.376111+00:00,SMA_Crossover,BTC/USDT,1h,1.4568075805936642,0.1574564519905558,0.1226109426604626,0.4615384615384615
2025-10-18 22:01:12.043631+00:00,MACD_Momentum,BTC/USDT,1h,-6.846266349079704,-0.3058119014769908,0.3066326850507141,0.2352941176470588
2025-10-18 22:01:12.635293+00:00,RSI_MeanReversion,BTC/USDT,1h,0.4466101664237006,0.0936708346930872,0.1798151862536582,0.5161290322580645
2025-10-18 22:01:12.700108+00:00,BollingerBreakout,BTC/USDT,1h,0.4203129819554057,0.0051823952617005,0.0522088142231733,0.2857142857142857
2025-10-18 22:01:12.947904+00:00,MACD_Momentum,BTC/USDT,1h,-3.951561798479628,-0.365132962401677,0.412052968713187,0.2634730538922156
2025-10-18 22:01:13.964234+00:00,BollingerBreakout,BTC/USDT,1h,-2.816461853856488,-0.1380788437936063,0.1908481653472067,0.2608695652173913
2025-10-18 22:01:14.372980+00:00,TripleEMA,BTC/USDT,1h,3.581334820021354,0.0557580156169533,0.0387832564238608,0.3333333333333333
2025-10-18 22:01:14.707227+00:00,BollingerBreakout,BTC/USDT,1h,-0.4274918714574149,-0.0598272509921042,0.2283009028061452,0.3043478260869565
2025-10-18 22:01:15.565695+00:00,TripleEMA,BTC/USDT,1h,-1.5036841505203502,-0.0727202102178522,0.1465224083356727,0.2
2025-10-18 22:01:15.829931+00:00,MACD_Momentum,BTC/USDT,1h,-2.463626245630965,-0.5540717441826828,0.6084060397624629,0.2927536231884058
2025-10-18 22:01:16.270191+00:00,Supertrend_ATR,BTC/USDT,1h,-1.835080122331182,-0.0294756783604831,0.0776093196497985,0.2222222222222222
2025-10-18 22:01:17.204793+00:00,Supertrend_ATR,BTC/USDT,1h,-3.570740425072415,-0.1623274122526341,0.1914850236825672,0.2413793103448276
2025-10-18 22:01:17.303615+00:00,TripleEMA,BTC/USDT,1h,0.1279076552948961,0.0017424960806671,0.1880754000323262,0.28125
2025-10-18 22:01:17.572461+00:00,BollingerBreakout,BTC/USDT,1h,0.0267214203777278,-0.0335352964854835,0.3221990169552096,0.3404255319148936
2025-10-18 22:01:18.097762+00:00,Ichimoku_Cloud,BTC/USDT,1h,-1.658741723550218,-0.0430079561408703,0.1182737086303236,0.0
2025-10-18 22:01:18.914846+00:00,Supertrend_ATR,BTC/USDT,1h,0.0923267828673507,-0.0028448630822975,0.2029502613726891,0.3148148148148148
2025-10-18 22:01:19.248475+00:00,TripleEMA,BTC/USDT,1h,0.5940893804128518,0.1481868713593488,0.2854811043238456,0.3392857142857143
2025-10-18 22:01:19.478081+00:00,Ichimoku_Cloud,BTC/USDT,1h,-0.8138202215532785,-0.0678144269472539,0.1263248822972754,0.0
2025-10-18 22:01:20.117913+00:00,VWAP_MeanReversion,BTC/USDT,1h,-7.280534181151532,-0.128344350141201,0.1340281102561843,0.0
2025-10-18 22:01:21.535269+00:00,VWAP_MeanReversion,BTC/USDT,1h,-2.236691844640012,-0.1344367634029669,0.1626026910723268,0.1666666666666666
2025-10-18 22:01:21.658112+00:00,Ichimoku_Cloud,BTC/USDT,1h,1.8109749193693847,0.2939198428322106,0.128123741531522,1.0
2025-10-18 22:01:22.005379+00:00,Supertrend_ATR,BTC/USDT,1h,-0.4110590329545456,-0.160434806927906,0.4201499883858772,0.308411214953271
2025-10-18 22:01:22.297544+00:00,OnChainAnalytics,BTC/USDT,1h,inf,0.0,0.0,0.0
2025-10-18 22:01:22.773030+00:00,OnChainAnalytics,BTC/USDT,1h,inf,0.0,0.0,0.0
2025-10-18 22:01:23.212776+00:00,OnChainAnalytics,BTC/USDT,1h,inf,0.0,0.0,0.0
2025-10-18 22:01:23.864419+00:00,Ichimoku_Cloud,BTC/USDT,1h,1.407549004551152,0.6853139622189368,0.2999750298123669,1.0
2025-10-18 22:01:24.085104+00:00,VWAP_MeanReversion,BTC/USDT,1h,-0.0477618146153656,-0.0178636336094783,0.1626026910723194,0.5
2025-10-18 22:01:24.204147+00:00,MultiTimeframeConfluence,BTC/USDT,1h,inf,0.0,0.0,0.0
2025-10-18 22:01:24.625653+00:00,MultiTimeframeConfluence,BTC/USDT,1h,inf,0.0,0.0,0.0
2025-10-18 22:01:24.986978+00:00,OnChainAnalytics,BTC/USDT,1h,inf,0.0,0.0,0.0
2025-10-18 22:01:26.071937+00:00,MultiTimeframeConfluence,BTC/USDT,1h,inf,0.0,0.0,0.0
2025-10-18 22:01:26.606023+00:00,VWAP_MeanReversion,BTC/USDT,1h,0.1473937759730036,0.0009571430017051,0.1906213889886678,0.5185185185185185
2025-10-18 22:01:27.072680+00:00,VolatilityRegimeAdaptive,BTC/USDT,1h,-1.835080122331182,-0.0294756783604831,0.0776093196497985,0.2222222222222222
2025-10-18 22:01:29.721210+00:00,MultiTimeframeConfluence,BTC/USDT,1h,-0.2418327028934928,-0.1219229841873751,0.2716469819877345,0.5
2025-10-18 22:01:29.824435+00:00,VolatilityRegimeAdaptive,BTC/USDT,1h,inf,0.0,0.0,0.0
2025-10-18 22:01:31.895145+00:00,DynamicEnsemble,BTC/USDT,1h,-7.523537555130823,-0.1307169995577316,0.1341797521257978,0.3
2025-10-18 22:01:33.610457+00:00,VolatilityRegimeAdaptive,BTC/USDT,1h,-0.1018037297147064,-0.0230864410525733,0.1687545833520365,0.5333333333333333
2025-10-18 22:01:33.886852+00:00,DynamicEnsemble,BTC/USDT,1h,inf,0.0,0.0,0.0
2025-10-18 22:01:34.104429+00:00,TransformerGRUPredictor,BTC/USDT,1h,inf,0.0,0.0,0.0
2025-10-18 22:01:34.443938+00:00,TransformerGRUPredictor,BTC/USDT,1h,inf,0.0,0.0,0.0
2025-10-18 22:01:34.927652+00:00,VolatilityRegimeAdaptive,BTC/USDT,1h,0.4466101664237006,0.0936708346930872,0.1798151862536582,0.5161290322580645
2025-10-18 22:01:35.050569+00:00,TransformerGRUPredictor,BTC/USDT,1h,inf,0.0,0.0,0.0
2025-10-18 22:01:36.115294+00:00,TransformerGRUPredictor,BTC/USDT,1h,inf,0.0,0.0,0.0
2025-10-18 22:01:37.731462+00:00,DynamicEnsemble,BTC/USDT,1h,inf,0.0,0.0,0.0
2025-10-18 22:01:38.789142+00:00,MultiModalSentimentFusion,BTC/USDT,1h,inf,0.0,0.0,0.0
2025-10-18 22:01:39.627901+00:00,MultiModalSentimentFusion,BTC/USDT,1h,inf,0.0,0.0,0.0
2025-10-18 22:01:39.873290+00:00,OrderFlowImbalance,BTC/USDT,1h,inf,0.0,0.0,0.0
2025-10-18 22:01:40.257520+00:00,OrderFlowImbalance,BTC/USDT,1h,inf,0.0,0.0,0.0
2025-10-18 22:01:40.725553+00:00,MultiModalSentimentFusion,BTC/USDT,1h,inf,0.0,0.0,0.0
2025-10-18 22:01:41.012993+00:00,OrderFlowImbalance,BTC/USDT,1h,inf,0.0,0.0,0.0
2025-10-18 22:01:41.261127+00:00,MultiModalSentimentFusion,BTC/USDT,1h,inf,0.0,0.0,0.0
2025-10-18 22:01:41.436436+00:00,OrderFlowImbalance,BTC/USDT,1h,inf,0.0,0.0,0.0
2025-10-18 22:01:43.822977+00:00,DynamicEnsemble,BTC/USDT,1h,inf,0.0,0.0,0.0
2025-10-18 22:01:45.268812+00:00,PortfolioRebalancer,Portfolio[2 assets],1h,-2.2030078350275035,-0.0775011788215935,0.162479695554331,0.5042134831460674
2025-10-18 22:01:46.143055+00:00,PortfolioRebalancer,Portfolio[4 assets],1h,-0.73359387310965,-0.0390711802394362,0.1771282150853245,0.5256410256410257
2025-10-18 22:01:46.323009+00:00,PortfolioRebalancer,Portfolio[3 assets],1h,1.086791180822259,0.033344830638243,0.1687056738594913,0.5168539325842697
2025-10-18 22:01:47.509500+00:00,PortfolioRebalancer,Portfolio[4 assets],1h,-3.98116726095591,-0.1613397925467818,0.2165906439731734,0.5093525179856115
2025-10-18 22:01:50.396557+00:00,PortfolioRebalancer,Portfolio[3 assets],1h,2.4917965610740214,0.2948008436880721,0.1679300412610631,0.5315985130111525
2025-10-18 22:01:50.748099+00:00,PortfolioRebalancer,Portfolio[4 assets],1h,1.8176282352360544,0.2167746989039296,0.1834602862254514,0.5317460317460317
2025-10-18 22:01:51.037022+00:00,PortfolioRebalancer,Portfolio[2 assets],1h,1.3241890185950869,0.130313703496528,0.1629699518574619,0.5116171003717472
2025-10-18 22:01:52.904137+00:00,PortfolioRebalancer,Portfolio[4 assets],1h,0.0618102924105262,-0.030609065884377,0.2500025910608465,0.5147540983606558
2025-10-18 22:01:55.339613+00:00,PortfolioRebalancer,Portfolio[2 assets],1h,2.759589305562963,0.8112820584797424,0.1806889001631497,0.5169294990723562
2025-10-18 22:01:56.080495+00:00,PortfolioRebalancer,Portfolio[4 assets],1h,2.615955209728562,0.7675311674421228,0.1883204258715037,0.5276615527661552
2025-10-18 22:01:56.526415+00:00,PortfolioRebalancer,Portfolio[3 assets],1h,3.1982377196418232,0.9153077719609842,0.1672440860810531,0.525974025974026
2025-10-18 22:01:57.857693+00:00,PortfolioRebalancer,Portfolio[4 assets],1h,1.6049114843008627,0.4325883043225229,0.247992588999758,0.5185098952270082
2025-10-18 22:02:00.523015+00:00,PortfolioRebalancer,Portfolio[2 assets],1h,1.29319583035929,0.7455820278354229,0.4900818225125086,0.5151965265082267
2025-10-18 22:02:03.451560+00:00,PortfolioRebalancer,Portfolio[3 assets],1h,1.5141911164389026,0.9127321932864688,0.4267825261534481,0.5226234003656307
2025-10-18 22:02:04.140587+00:00,PortfolioRebalancer,Portfolio[4 assets],1h,1.251452570369071,0.747011157206638,0.4626022844924434,0.5228780599405171
2025-10-18 22:02:06.708677+00:00,PortfolioRebalancer,Portfolio[4 assets],1h,1.5858319316505136,1.453460324924032,0.4832407518279959,0.5181453921007442
2025-10-18 22:02:23.121588+00:00,HierarchicalRiskParity,Portfolio[2 assets],1h,-0.8739943693563101,-0.0457356880724253,0.1481000946997809,0.5149253731343284
2025-10-18 22:02:25.843383+00:00,HierarchicalRiskParity,Portfolio[3 assets],1h,0.8313536968719916,0.0294858994748492,0.1537683490573091,0.5270522388059702
2025-10-18 22:02:27.525315+00:00,HierarchicalRiskParity,Portfolio[4 assets],1h,0.0505762029839115,-0.0065763436504283,0.1543867551782457,0.5329566854990584
2025-10-18 22:02:29.370138+00:00,HierarchicalRiskParity,Portfolio[4 assets],1h,-1.976875084079364,-0.1010360310694595,0.1704133021092374,0.4976303317535545
2025-10-18 22:02:39.156967+00:00,HierarchicalRiskParity,Portfolio[2 assets],1h,1.074642999950064,0.1280137309513773,0.1475203866872211,0.5154702970297029
2025-10-18 22:02:45.675145+00:00,HierarchicalRiskParity,Portfolio[3 assets],1h,1.3641607644307334,0.1660215047005329,0.1497644770758908,0.5204207920792079
2025-10-18 22:02:50.886177+00:00,HierarchicalRiskParity,Portfolio[4 assets],1h,1.5384091522506933,0.2022372451150888,0.1544847664924144,0.5273122284295468
2025-10-18 22:02:54.779441+00:00,HierarchicalRiskParity,Portfolio[4 assets],1h,1.0162761390120445,0.1314610121237077,0.176349179937101,0.5191290824261275
2025-10-18 22:03:05.150566+00:00,HierarchicalRiskParity,Portfolio[2 assets],1h,0.5518792072313911,0.1172445341101223,0.4040078172891127,0.5111248454882571
2025-10-18 22:03:21.606437+00:00,HierarchicalRiskParity,Portfolio[3 assets],1h,0.5006705581959221,0.0951325445589333,0.3553231243251634,0.5160692212608158
2025-10-18 22:03:37.937458+00:00,HierarchicalRiskParity,Portfolio[4 assets],1h,0.6643456900197796,0.1600360790096974,0.3913878571313782,0.5218198700092851
2025-10-18 22:03:39.223229+00:00,HierarchicalRiskParity,Portfolio[4 assets],1h,0.1690525426981062,-0.0430389768722328,0.4623374172779402,0.5121611154144075
2025-10-18 22:03:56.932775+00:00,HierarchicalRiskParity,Portfolio[2 assets],1h,0.6424139018743584,0.3442856721601269,0.430883483325479,0.5111280487804878
2025-10-18 22:04:03.285635+00:00,BlackLitterman,Portfolio[2 assets],1h,-1.3698035673197142,-0.0770906025046859,0.1639068226857317,0.5102611940298507
2025-10-18 22:04:09.415225+00:00,BlackLitterman,Portfolio[3 assets],1h,0.9905564198634907,0.0417121988755952,0.1676896030402951,0.5251865671641791
2025-10-18 22:04:16.912752+00:00,BlackLitterman,Portfolio[4 assets],1h,-0.0981106606083515,-0.0192353107776138,0.1782297822755793,0.5348399246704332
2025-10-18 22:04:26.034035+00:00,BlackLitterman,Portfolio[4 assets],1h,-2.557758375113033,-0.1585212678253661,0.2254819150826953,0.5184834123222749
2025-10-18 22:04:34.801261+00:00,HierarchicalRiskParity,Portfolio[3 assets],1h,0.5409496364199302,0.2412095069482835,0.3924799735127205,0.5171493902439024
2025-10-18 22:04:39.115080+00:00,BlackLitterman,Portfolio[2 assets],1h,1.52195775630356,0.2404218272698199,0.1735381963686869,0.5151608910891089
2025-10-18 22:04:51.513871+00:00,BlackLitterman,Portfolio[3 assets],1h,2.2140074734730977,0.372753688002166,0.1682136718486602,0.5244430693069307
2025-10-18 22:04:59.494571+00:00,BlackLitterman,Portfolio[4 assets],1h,1.814304420768155,0.3224083417002817,0.1786639511389963,0.5260707635009311
2025-10-18 22:05:11.870338+00:00,BlackLitterman,Portfolio[4 assets],1h,0.9445049275131704,0.1447346016596971,0.2505402606272285,0.5181959564541213
2025-10-18 22:05:13.248551+00:00,HierarchicalRiskParity,Portfolio[4 assets],1h,0.6251438243258374,0.3260005766830079,0.4195422050350488,0.5196796338672769
2025-10-18 22:05:13.472772+00:00,HierarchicalRiskParity,Portfolio[4 assets],1h,0.8281226929172626,0.5851235679511545,0.4000685144169704,0.5153781576738151
2025-10-18 22:05:26.312406+00:00,BlackLitterman,Portfolio[2 assets],1h,0.7161278504855678,0.1974705242539163,0.4588214638401259,0.5143695920889988
2025-10-18 22:05:48.060557+00:00,BlackLitterman,Portfolio[3 assets],1h,1.0226000256210126,0.3372079944217148,0.4031589185730266,0.5193139678615575
2025-10-18 22:06:07.988273+00:00,BlackLitterman,Portfolio[4 assets],1h,0.2552429996139314,-0.0531985391058926,0.4807437805797454,0.5112316034082107
2025-10-18 22:06:10.000956+00:00,BlackLitterman,Portfolio[4 assets],1h,0.7883617727757294,0.2378859247322559,0.4661367104461763,0.5196533580934695
2025-10-18 22:06:10.999361+00:00,SMA_Crossover,BTC/USDT,1h,3.302064575347981,0.0518022669741847,0.0468889145256631,1.0
2025-10-18 22:06:11.091854+00:00,MACD_Momentum,BTC/USDT,1h,-6.329389096168726,-0.0973380626207037,0.0973380626207028,0.2692307692307692
2025-10-18 22:06:11.694777+00:00,BollingerBreakout,BTC/USDT,1h,0.4203129819554057,0.0051823952617005,0.0522088142231733,0.2857142857142857
2025-10-18 22:06:15.226261+00:00,TripleEMA,BTC/USDT,1h,3.581334820021354,0.0557580156169533,0.0387832564238608,0.3333333333333333
2025-10-18 22:06:16.416088+00:00,Supertrend_ATR,BTC/USDT,1h,-1.835080122331182,-0.0294756783604831,0.0776093196497985,0.2222222222222222
2025-10-18 22:06:17.711619+00:00,Ichimoku_Cloud,BTC/USDT,1h,-1.658741723550218,-0.0430079561408703,0.1182737086303236,0.0
2025-10-18 22:06:18.572972+00:00,OnChainAnalytics,BTC/USDT,1h,inf,0.0,0.0,0.0
2025-10-18 22:06:19.292987+00:00,VWAP_MeanReversion,BTC/USDT,1h,-7.280534181151532,-0.128344350141201,0.1340281102561843,0.0
2025-10-18 22:06:19.783873+00:00,MultiTimeframeConfluence,BTC/USDT,1h,inf,0.0,0.0,0.0
2025-10-18 22:06:22.565411+00:00,DynamicEnsemble,BTC/USDT,1h,inf,0.0,0.0,0.0
2025-10-18 22:06:22.783531+00:00,VolatilityRegimeAdaptive,BTC/USDT,1h,-1.835080122331182,-0.0294756783604831,0.0776093196497985,0.2222222222222222
2025-10-18 22:06:22.898747+00:00,TransformerGRUPredictor,BTC/USDT,1h,inf,0.0,0.0,0.0
2025-10-18 22:06:24.872310+00:00,DDQNFeatureSelected,BTC/USDT,1h,inf,0.0,0.0,0.0
2025-10-18 22:06:25.237045+00:00,OrderFlowImbalance,BTC/USDT,1h,inf,0.0,0.0,0.0
2025-10-18 22:06:27.025317+00:00,MultiModalSentimentFusion,BTC/USDT,1h,inf,0.0,0.0,0.0
2025-10-18 22:06:39.188783+00:00,BlackLitterman,Portfolio[2 assets],1h,0.7283435630053022,0.4538191614555146,0.5030667092663134,0.5126524390243903
2025-10-18 22:06:43.066873+00:00,RiskParity,Portfolio[2 assets],1h,-1.322035977602978,-0.0742435377482663,0.1614868026952359,0.5102611940298507
2025-10-18 22:06:47.553662+00:00,RiskParity,Portfolio[3 assets],1h,0.8850056092350215,0.0357768724789424,0.1664221274944251,0.5261194029850746
2025-10-18 22:06:53.591221+00:00,RiskParity,Portfolio[4 assets],1h,-0.0834343762073874,-0.0182395728617546,0.1773973479617622,0.5338983050847458
2025-10-18 22:06:59.535752+00:00,RiskParity,Portfolio[4 assets],1h,-2.545926735907932,-0.1542856935084799,0.2175595915231136,0.5146919431279621
2025-10-18 22:07:05.591684+00:00,BlackLitterman,Portfolio[3 assets],1h,0.8724740995008503,0.6145599150010348,0.4359940824134562,0.5189024390243903
2025-10-18 22:07:09.054930+00:00,RiskParity,Portfolio[2 assets],1h,1.6506350589293604,0.265574574849003,0.1673148893188478,0.5136138613861386
2025-10-18 22:07:19.176896+00:00,RiskParity,Portfolio[3 assets],1h,2.3030140635382788,0.3871808099735497,0.1634027885024952,0.525680693069307
2025-10-18 22:07:24.068932+00:00,RiskParity,Portfolio[4 assets],1h,1.889763932526373,0.3367795983750331,0.177649535061124,0.5273122284295468
2025-10-18 22:07:32.350879+00:00,RiskParity,Portfolio[4 assets],1h,1.056902043321561,0.1701964395738619,0.2375589641019875,0.5169517884914463
2025-10-18 22:07:33.131929+00:00,BlackLitterman,Portfolio[4 assets],1h,0.7908202748788382,0.5469967071321856,0.4700831974254477,0.5169336384439359
2025-10-18 22:07:35.819640+00:00,BlackLitterman,Portfolio[4 assets],1h,1.0374427616577533,1.0443483564304246,0.4807927634490347,0.5136228344653896
2025-10-18 22:07:41.574002+00:00,RiskParity,Portfolio[2 assets],1h,0.730441475586697,0.2041202549019073,0.4585069642849099,0.5139060568603214
2025-10-18 22:07:53.759093+00:00,RiskParity,Portfolio[3 assets],1h,1.026831897767143,0.3360164772713893,0.3983705327533352,0.5213226205191595
2025-10-18 22:07:59.940367+00:00,RiskParity,Portfolio[4 assets],1h,0.7771476586190691,0.2307447717100505,0.473508960871318,0.5191891055400805
2025-10-18 22:08:00.888549+00:00,RiskParity,Portfolio[4 assets],1h,0.2145562705805691,-0.0700400877876509,0.4948692895569213,0.5110766847405113
2025-10-18 22:08:12.361723+00:00,RiskParity,Portfolio[2 assets],1h,0.7092765050286578,0.4301779118625947,0.5013954925074,0.5131097560975609
2025-10-18 22:08:14.475129+00:00,CopulaPairsTrading,Portfolio[2 assets],1h,-10.983194172064458,-0.1771219897218072,0.1826066231109393,0.2033582089552238
2025-10-18 22:08:16.728651+00:00,CopulaPairsTrading,Portfolio[3 assets],1h,-10.983194172064458,-0.1771219897218072,0.1826066231109393,0.2033582089552238
2025-10-18 22:08:19.546720+00:00,CopulaPairsTrading,Portfolio[4 assets],1h,-11.334674109179996,-0.1808426032919327,0.1826066231109386,0.2024482109227872
2025-10-18 22:08:21.904329+00:00,CopulaPairsTrading,Portfolio[4 assets],1h,-11.18010424192506,-0.1775183579054606,0.177897856021281,0.2
2025-10-18 22:08:26.286453+00:00,CopulaPairsTrading,Portfolio[2 assets],1h,-4.156145265697165,-0.2184995618152761,0.2469079707691195,0.2193688118811881
2025-10-18 22:08:31.105702+00:00,CopulaPairsTrading,Portfolio[3 assets],1h,-4.156145265697165,-0.2184995618152761,0.2469079707691195,0.2193688118811881
2025-10-18 22:08:33.986486+00:00,RiskParity,Portfolio[3 assets],1h,0.8436853237633174,0.5754454824694544,0.4300715026773913,0.5191310975609756
2025-10-18 22:08:36.519989+00:00,CopulaPairsTrading,Portfolio[4 assets],1h,-4.16260064706889,-0.2184995618152761,0.2469079707691195,0.2200496585971446
2025-10-18 22:08:38.612609+00:00,CopulaPairsTrading,Portfolio[4 assets],1h,-4.167137353295397,-0.2184995618152761,0.2469079707691195,0.2205287713841368
2025-10-18 22:08:44.449264+00:00,CopulaPairsTrading,Portfolio[2 assets],1h,-4.429888989230499,-0.4628970714693926,0.4809486381084054,0.2139987639060568
2025-10-18 22:08:47.736349+00:00,CopulaPairsTrading,Portfolio[3 assets],1h,-4.429888989230499,-0.4628970714693926,0.4809486381084054,0.2139987639060568
2025-10-18 22:08:48.782091+00:00,RiskParity,Portfolio[4 assets],1h,1.0501201047245197,1.0697510800492114,0.4735108926823895,0.5142333816683202
2025-10-18 22:08:49.270925+00:00,RiskParity,Portfolio[4 assets],1h,0.7550772747392916,0.4981951513244548,0.4799733772342319,0.5180778032036614
2025-10-18 22:08:52.880711+00:00,CopulaPairsTrading,Portfolio[4 assets],1h,-4.497866794040054,-0.4625506929784458,0.4725766254704335,0.2123181677499226
2025-10-18 22:08:56.614526+00:00,CopulaPairsTrading,Portfolio[4 assets],1h,-4.500310204162763,-0.4625506929784458,0.4725766254704335,0.212548412083656
2025-10-18 22:09:05.422289+00:00,CopulaPairsTrading,Portfolio[3 assets],1h,-6.548198779364602,-0.8118738770981249,0.8153833053987142,0.2123475609756097
2025-10-18 22:09:06.306464+00:00,CopulaPairsTrading,Portfolio[2 assets],1h,-6.548198779364602,-0.8118738770981249,0.8153833053987142,0.2123475609756097
2025-10-18 22:09:08.308989+00:00,DeepRLPortfolio,Portfolio[2 assets],1h,0.1645456333430565,0.0001009017651713,0.1244617783186693,0.5018656716417911
2025-10-18 22:09:09.780311+00:00,DeepRLPortfolio,Portfolio[3 assets],1h,-0.333992663753367,-0.0198423300540885,0.1464338386823006,0.5205223880597015
2025-10-18 22:09:10.855228+00:00,CopulaPairsTrading,Portfolio[4 assets],1h,-6.550707749023348,-0.8118738770981249,0.8153833053987142,0.212509534706331
2025-10-18 22:09:13.077903+00:00,DeepRLPortfolio,Portfolio[4 assets],1h,-0.7301642729758859,-0.0387130591549441,0.15349035920593,0.5254237288135594
2025-10-18 22:09:14.525319+00:00,DeepRLPortfolio,Portfolio[4 assets],1h,-2.1715904849597742,-0.0979009589452256,0.1445277211177822,0.4976303317535545
2025-10-18 22:09:15.487068+00:00,CopulaPairsTrading,Portfolio[4 assets],1h,-6.552465744732201,-0.8118738770981249,0.8153833053987142,0.2126230634205907
2025-10-18 22:09:17.951483+00:00,DeepRLPortfolio,Portfolio[2 assets],1h,0.4947242557278759,0.0405964652185275,0.1325112924134265,0.505259900990099
2025-10-18 22:09:21.206029+00:00,DeepRLPortfolio,Portfolio[3 assets],1h,0.6950288612716969,0.0646835214461534,0.1444508971339927,0.5213490099009901
2025-10-18 22:09:24.857514+00:00,DeepRLPortfolio,Portfolio[4 assets],1h,1.1128072105945457,0.1351974399562563,0.1499741974972473,0.5160186625194402
2025-10-18 22:09:25.517032+00:00,DeepRLPortfolio,Portfolio[4 assets],1h,0.947770165111394,0.1013301891587563,0.153956046849416,0.5238981998758535
2025-10-18 22:09:28.606148+00:00,DeepRLPortfolio,Portfolio[2 assets],1h,0.6177080870151211,0.1385892515382325,0.3107491493359072,0.504017305315204
2025-10-18 22:09:34.801981+00:00,DeepRLPortfolio,Portfolio[3 assets],1h,0.3054762041926834,0.0312644278014817,0.324777459304101,0.5129789864029666
2025-10-18 22:09:43.092028+00:00,DeepRLPortfolio,Portfolio[4 assets],1h,0.5070140517747821,0.0969658953282196,0.3428413419900267,0.5168678427731352
2025-10-18 22:09:43.348408+00:00,DeepRLPortfolio,Portfolio[4 assets],1h,0.2920555312602944,0.0148051920462441,0.4132359141526184,0.5115414407436096
2025-10-18 22:09:48.095500+00:00,DeepRLPortfolio,Portfolio[2 assets],1h,0.7058449133557505,0.39888862341243,0.3521371571430607,0.505564024390244
2025-10-18 22:10:01.793928+00:00,DeepRLPortfolio,Portfolio[3 assets],1h,0.567025465751021,0.2601878823990448,0.3769822039661255,0.5149390243902439
2025-10-18 22:10:19.764977+00:00,DeepRLPortfolio,Portfolio[4 assets],1h,0.5253755761258316,0.2287866724157482,0.4426798821279828,0.5128596504617263
2025-10-18 22:10:20.423940+00:00,DeepRLPortfolio,Portfolio[4 assets],1h,0.4908910002578096,0.1970474235645866,0.3857507988344468,0.5145690312738368
2025-10-18 22:16:37.777137+00:00,SMA_Crossover,BTC/USDT,1h,0.302378983092925,0.009827154902657,0.0865530678603702,0.2857142857142857
2025-10-18 22:16:37.931652+00:00,SMA_Crossover,BTC/USDT,1h,3.302064575347981,0.0518022669741847,0.0468889145256631,1.0
2025-10-18 22:16:38.275038+00:00,SMA_Crossover,BTC/USDT,1h,1.4568075805936642,0.1574564519905558,0.1226109426604626,0.4615384615384615
2025-10-18 22:16:38.393201+00:00,RSI_MeanReversion,BTC/USDT,1h,-7.280534181151532,-0.128344350141201,0.1340281102561843,0.0
2025-10-18 22:16:38.906738+00:00,RSI_MeanReversion,BTC/USDT,1h,-2.400338018418344,-0.1433668730908368,0.1687545833520394,0.1666666666666666
2025-10-18 22:16:39.569720+00:00,SMA_Crossover,BTC/USDT,1h,0.702366568790424,0.1873680415407589,0.3185078619009882,0.3125
2025-10-18 22:16:39.612811+00:00,SMA_Crossover,BTC/USDT,1h,0.302378983092925,0.009827154902657,0.0865530678603702,0.2857142857142857
2025-10-18 22:16:39.856034+00:00,MACD_Momentum,BTC/USDT,1h,-6.329389096168726,-0.0973380626207037,0.0973380626207028,0.2692307692307692
2025-10-18 22:16:39.968971+00:00,RSI_MeanReversion,BTC/USDT,1h,-7.280534181151532,-0.128344350141201,0.1340281102561843,0.0
2025-10-18 22:16:40.171563+00:00,RSI_MeanReversion,BTC/USDT,1h,-0.1018037297147064,-0.0230864410525733,0.1687545833520365,0.5333333333333333
2025-10-18 22:16:40.204423+00:00,RSI_MeanReversion,BTC/USDT,1h,-2.400338018418344,-0.1433668730908368,0.1687545833520394,0.1666666666666666
2025-10-19 05:22:06.572590+00:00,SMA_Crossover,BTC/USDT,1h,0.302378983092925,0.009827154902657,0.0865530678603702,0.2857142857142857
2025-10-19 05:22:06.753106+00:00,SMA_Crossover,BTC/USDT,1h,3.302064575347981,0.0518022669741847,0.0468889145256631,1.0
2025-10-19 05:22:08.081810+00:00,SMA_Crossover,BTC/USDT,1h,1.4568075805936642,0.1574564519905558,0.1226109426604626,0.4615384615384615
2025-10-19 05:22:08.162149+00:00,SMA_Crossover,BTC/USDT,1h,0.702366568790424,0.1873680415407589,0.3185078619009882,0.3125
2025-10-19 05:22:08.338049+00:00,RSI_MeanReversion,BTC/USDT,1h,-7.280534181151532,-0.128344350141201,0.1340281102561843,0.0
2025-10-19 05:22:08.724452+00:00,RSI_MeanReversion,BTC/USDT,1h,-2.400338018418344,-0.1433668730908368,0.1687545833520394,0.1666666666666666
2025-10-19 05:22:09.428898+00:00,RSI_MeanReversion,BTC/USDT,1h,-0.1018037297147064,-0.0230864410525733,0.1687545833520365,0.5333333333333333
2025-10-19 05:22:10.717401+00:00,RSI_MeanReversion,BTC/USDT,1h,0.4466101664237006,0.0936708346930872,0.1798151862536582,0.5161290322580645
2025-10-19 05:22:11.641349+00:00,SMA_Crossover,BTC/USDT,1h,1.1471168988034632,0.900080243699299,0.3185078619009872,0.3571428571428571
2025-10-19 05:22:12.091231+00:00,MACD_Momentum,BTC/USDT,1h,-6.329389096168726,-0.0973380626207037,0.0973380626207028,0.2692307692307692
2025-10-19 05:22:13.030335+00:00,MACD_Momentum,BTC/USDT,1h,-6.846266349079704,-0.3058119014769908,0.3066326850507141,0.2352941176470588
2025-10-19 05:22:14.519456+00:00,RSI_MeanReversion,BTC/USDT,1h,0.4910392308158604,0.2408922825091771,0.2976053183232244,0.5714285714285714
2025-10-19 05:22:15.412510+00:00,SMA_Crossover,BTC/USDT,1h,1.2289425092752422,1.6947716469745344,0.3185078619009885,0.3373493975903614
2025-10-19 05:22:16.849037+00:00,MACD_Momentum,BTC/USDT,1h,-3.951561798479628,-0.365132962401677,0.412052968713187,0.2634730538922156
2025-10-19 05:22:17.236207+00:00,RSI_MeanReversion,BTC/USDT,1h,0.3897978499137262,0.2308982093606375,0.2976053183232289,0.5806451612903226
2025-10-19 05:22:17.596201+00:00,MACD_Momentum,BTC/USDT,1h,-2.463626245630965,-0.5540717441826828,0.6084060397624629,0.2927536231884058
2025-10-19 05:22:17.704378+00:00,BollingerBreakout,BTC/USDT,1h,0.4203129819554057,0.0051823952617005,0.0522088142231733,0.2857142857142857
2025-10-19 05:22:18.571048+00:00,BollingerBreakout,BTC/USDT,1h,-2.816461853856488,-0.1380788437936063,0.1908481653472067,0.2608695652173913
2025-10-19 05:22:19.309032+00:00,BollingerBreakout,BTC/USDT,1h,-0.4274918714574149,-0.0598272509921042,0.2283009028061452,0.3043478260869565
2025-10-19 05:22:21.015906+00:00,MACD_Momentum,BTC/USDT,1h,-1.564444982736397,-0.6773917959998836,0.7422916520042203,0.3158682634730539
2025-10-19 05:22:21.997247+00:00,BollingerBreakout,BTC/USDT,1h,0.0267214203777278,-0.0335352964854835,0.3221990169552096,0.3404255319148936
2025-10-19 05:22:22.361789+00:00,TripleEMA,BTC/USDT,1h,3.581334820021354,0.0557580156169533,0.0387832564238608,0.3333333333333333
2025-10-19 05:22:23.264116+00:00,TripleEMA,BTC/USDT,1h,-1.5036841505203502,-0.0727202102178522,0.1465224083356727,0.2
2025-10-19 05:22:24.982146+00:00,TripleEMA,BTC/USDT,1h,0.1279076552948961,0.0017424960806671,0.1880754000323262,0.28125
2025-10-19 05:22:26.180407+00:00,BollingerBreakout,BTC/USDT,1h,0.3847515491275012,0.1530585112680668,0.334123991890539,0.3556701030927835
2025-10-19 05:22:26.419023+00:00,MACD_Momentum,BTC/USDT,1h,-1.7270871659816056,-0.8215245504719056,0.8399448848221855,0.3041666666666666
2025-10-19 05:22:28.247342+00:00,TripleEMA,BTC/USDT,1h,0.5940893804128518,0.1481868713593488,0.2854811043238456,0.3392857142857143
2025-10-19 05:22:28.610962+00:00,Supertrend_ATR,BTC/USDT,1h,-1.835080122331182,-0.0294756783604831,0.0776093196497985,0.2222222222222222
2025-10-19 05:22:29.628563+00:00,Supertrend_ATR,BTC/USDT,1h,-3.570740425072415,-0.1623274122526341,0.1914850236825672,0.2413793103448276
2025-10-19 05:22:31.463666+00:00,Supertrend_ATR,BTC/USDT,1h,0.0923267828673507,-0.0028448630822975,0.2029502613726891,0.3148148148148148
2025-10-19 05:22:32.107615+00:00,BollingerBreakout,BTC/USDT,1h,0.2322044704690816,0.0705307391433934,0.3341239918905491,0.3152542372881356
2025-10-19 05:22:33.010657+00:00,TripleEMA,BTC/USDT,1h,1.191576162425003,0.962961127703436,0.2854811043238453,0.3457943925233644
2025-10-19 05:22:34.745715+00:00,Supertrend_ATR,BTC/USDT,1h,-0.4110590329545456,-0.160434806927906,0.4201499883858772,0.308411214953271
2025-10-19 05:22:35.216817+00:00,Ichimoku_Cloud,BTC/USDT,1h,-1.658741723550218,-0.0430079561408703,0.1182737086303236,0.0
2025-10-19 05:22:36.245771+00:00,TripleEMA,BTC/USDT,1h,1.0932198811913654,1.356801367244702,0.2910492032137479,0.3311688311688311
2025-10-19 05:22:36.592879+00:00,Ichimoku_Cloud,BTC/USDT,1h,-0.8138202215532785,-0.0678144269472539,0.1263248822972754,0.0
2025-10-19 05:22:37.433399+00:00,Supertrend_ATR,BTC/USDT,1h,0.0491309581503159,-0.0659532301198301,0.4201499883858798,0.3316582914572864
2025-10-19 05:22:38.528689+00:00,Ichimoku_Cloud,BTC/USDT,1h,1.8109749193693847,0.2939198428322106,0.128123741531522,1.0
2025-10-19 05:22:41.234957+00:00,Ichimoku_Cloud,BTC/USDT,1h,1.407549004551152,0.6853139622189368,0.2999750298123669,1.0
2025-10-19 05:22:41.625915+00:00,VWAP_MeanReversion,BTC/USDT,1h,-7.280534181151532,-0.128344350141201,0.1340281102561843,0.0
2025-10-19 05:22:42.135724+00:00,Supertrend_ATR,BTC/USDT,1h,0.4685556838213271,0.3265647222978056,0.4201499883858807,0.3154121863799283
2025-10-19 05:22:42.618617+00:00,VWAP_MeanReversion,BTC/USDT,1h,-2.236691844640012,-0.1344367634029669,0.1626026910723268,0.1666666666666666
2025-10-19 05:22:44.020042+00:00,VWAP_MeanReversion,BTC/USDT,1h,-0.0477618146153656,-0.0178636336094783,0.1626026910723194,0.5
2025-10-19 05:22:45.913444+00:00,VWAP_MeanReversion,BTC/USDT,1h,0.1473937759730036,0.0009571430017051,0.1906213889886678,0.5185185185185185
2025-10-19 05:22:48.232701+00:00,Ichimoku_Cloud,BTC/USDT,1h,1.6295539820499154,2.709868997976313,0.3165906529034866,1.0
2025-10-19 05:22:48.544376+00:00,OnChainAnalytics,BTC/USDT,1h,inf,0.0,0.0,0.0
2025-10-19 05:22:48.989373+00:00,OnChainAnalytics,BTC/USDT,1h,inf,0.0,0.0,0.0
2025-10-19 05:22:49.784735+00:00,OnChainAnalytics,BTC/USDT,1h,inf,0.0,0.0,0.0
2025-10-19 05:22:50.651913+00:00,OnChainAnalytics,BTC/USDT,1h,inf,0.0,0.0,0.0
2025-10-19 05:22:52.871406+00:00,OnChainAnalytics,BTC/USDT,1h,inf,0.0,0.0,0.0
2025-10-19 05:22:53.137356+00:00,VWAP_MeanReversion,BTC/USDT,1h,0.2980171435790682,0.091955055299898,0.3097771897991448,0.5614035087719298
2025-10-19 05:22:53.386231+00:00,MultiTimeframeConfluence,BTC/USDT,1h,inf,0.0,0.0,0.0
2025-10-19 05:22:53.699849+00:00,Ichimoku_Cloud,BTC/USDT,1h,1.655094063429753,5.448758558553471,0.3193473810441054,1.0
2025-10-19 05:22:54.040020+00:00,MultiTimeframeConfluence,BTC/USDT,1h,inf,0.0,0.0,0.0
2025-10-19 05:22:54.685404+00:00,MultiTimeframeConfluence,BTC/USDT,1h,inf,0.0,0.0,0.0
2025-10-19 05:22:55.478019+00:00,MultiTimeframeConfluence,BTC/USDT,1h,-0.2418327028934928,-0.1219229841873751,0.2716469819877345,0.5
2025-10-19 05:22:55.594613+00:00,OnChainAnalytics,BTC/USDT,1h,inf,0.0,0.0,0.0
2025-10-19 05:22:57.577564+00:00,VolatilityRegimeAdaptive,BTC/USDT,1h,-1.835080122331182,-0.0294756783604831,0.0776093196497985,0.2222222222222222
2025-10-19 05:22:59.714816+00:00,VolatilityRegimeAdaptive,BTC/USDT,1h,inf,0.0,0.0,0.0
2025-10-19 05:23:00.765708+00:00,MultiTimeframeConfluence,BTC/USDT,1h,0.7656104808073496,0.5867962266162638,0.3080091376412774,1.0
2025-10-19 05:23:01.976357+00:00,VWAP_MeanReversion,BTC/USDT,1h,0.2392693432245698,0.0800601453046234,0.3097771897991436,0.5595238095238095
2025-10-19 05:23:05.416419+00:00,MultiTimeframeConfluence,BTC/USDT,1h,1.308955824663308,2.7751818708809544,0.3167026365922368,1.0
2025-10-19 05:23:06.270341+00:00,VolatilityRegimeAdaptive,BTC/USDT,1h,-0.1018037297147064,-0.0230864410525733,0.1687545833520365,0.5333333333333333
2025-10-19 05:23:08.163127+00:00,DynamicEnsemble,BTC/USDT,1h,-7.523537555130823,-0.1307169995577316,0.1341797521257978,0.3
2025-10-19 05:23:10.330929+00:00,VolatilityRegimeAdaptive,BTC/USDT,1h,0.4466101664237006,0.0936708346930872,0.1798151862536582,0.5161290322580645
2025-10-19 05:23:10.546363+00:00,VolatilityRegimeAdaptive,BTC/USDT,1h,inf,0.0,0.0,0.0
2025-10-19 05:23:12.142132+00:00,DynamicEnsemble,BTC/USDT,1h,-4.538647256373082,-0.2308680970466447,0.2536672339864785,0.3214285714285714
2025-10-19 05:23:13.720291+00:00,VolatilityRegimeAdaptive,BTC/USDT,1h,inf,0.0,0.0,0.0
2025-10-19 05:23:15.178119+00:00,DynamicEnsemble,BTC/USDT,1h,-1.2612715411761457,-0.1387514992524816,0.2536672339864769,0.4528301886792453
2025-10-19 05:23:15.365675+00:00,TransformerGRUPredictor,BTC/USDT,1h,inf,0.0,0.0,0.0
2025-10-19 05:23:15.677711+00:00,TransformerGRUPredictor,BTC/USDT,1h,inf,0.0,0.0,0.0
2025-10-19 05:23:16.196819+00:00,TransformerGRUPredictor,BTC/USDT,1h,inf,0.0,0.0,0.0
2025-10-19 05:23:17.230020+00:00,TransformerGRUPredictor,BTC/USDT,1h,inf,0.0,0.0,0.0
2025-10-19 05:23:18.900655+00:00,TransformerGRUPredictor,BTC/USDT,1h,inf,0.0,0.0,0.0
2025-10-19 05:23:19.647273+00:00,DynamicEnsemble,BTC/USDT,1h,-0.8706151001051906,-0.2765351167924945,0.394231396430879,0.4342105263157895
2025-10-19 05:23:20.718048+00:00,DDQNFeatureSelected,BTC/USDT,1h,inf,0.0,0.0,0.0
2025-10-19 05:23:21.814323+00:00,DDQNFeatureSelected,BTC/USDT,1h,inf,0.0,0.0,0.0
2025-10-19 05:23:21.944353+00:00,TransformerGRUPredictor,BTC/USDT,1h,inf,0.0,0.0,0.0
2025-10-19 05:23:23.616510+00:00,DDQNFeatureSelected,BTC/USDT,1h,inf,0.0,0.0,0.0
2025-10-19 05:23:24.129387+00:00,DDQNFeatureSelected,BTC/USDT,1h,inf,0.0,0.0,0.0
2025-10-19 05:23:26.232353+00:00,DDQNFeatureSelected,BTC/USDT,1h,inf,0.0,0.0,0.0
2025-10-19 05:23:27.109732+00:00,DDQNFeatureSelected,BTC/USDT,1h,inf,0.0,0.0,0.0
2025-10-19 05:23:28.400697+00:00,MultiModalSentimentFusion,BTC/USDT,1h,inf,0.0,0.0,0.0
2025-10-19 05:23:29.350134+00:00,MultiModalSentimentFusion,BTC/USDT,1h,inf,0.0,0.0,0.0
2025-10-19 05:23:30.338265+00:00,MultiModalSentimentFusion,BTC/USDT,1h,inf,0.0,0.0,0.0
2025-10-19 05:23:31.265799+00:00,DynamicEnsemble,BTC/USDT,1h,inf,0.0,0.0,0.0
2025-10-19 05:23:31.636800+00:00,MultiModalSentimentFusion,BTC/USDT,1h,inf,0.0,0.0,0.0
2025-10-19 05:23:31.817453+00:00,OrderFlowImbalance,BTC/USDT,1h,inf,0.0,0.0,0.0
2025-10-19 05:23:32.209321+00:00,OrderFlowImbalance,BTC/USDT,1h,inf,0.0,0.0,0.0
2025-10-19 05:23:32.873069+00:00,OrderFlowImbalance,BTC/USDT,1h,inf,0.0,0.0,0.0
2025-10-19 05:23:33.469333+00:00,MultiModalSentimentFusion,BTC/USDT,1h,inf,0.0,0.0,0.0
2025-10-19 05:23:34.639986+00:00,OrderFlowImbalance,BTC/USDT,1h,inf,0.0,0.0,0.0
2025-10-19 05:23:35.923617+00:00,MultiModalSentimentFusion,BTC/USDT,1h,inf,0.0,0.0,0.0
2025-10-19 05:23:36.545486+00:00,OrderFlowImbalance,BTC/USDT,1h,inf,0.0,0.0,0.0
2025-10-19 05:23:37.188508+00:00,OrderFlowImbalance,BTC/USDT,1h,inf,0.0,0.0,0.0
2025-10-19 05:23:40.315372+00:00,DynamicEnsemble,BTC/USDT,1h,inf,0.0,0.0,0.0
2025-10-19 05:23:41.088977+00:00,PortfolioRebalancer,Portfolio[3 assets],1h,1.086791180822259,0.033344830638243,0.1687056738594913,0.5168539325842697
2025-10-19 05:23:41.785000+00:00,PortfolioRebalancer,Portfolio[4 assets],1h,-0.73359387310965,-0.0390711802394362,0.1771282150853245,0.5256410256410257
2025-10-19 05:23:42.393902+00:00,PortfolioRebalancer,Portfolio[2 assets],1h,-2.2030078350275035,-0.0775011788215935,0.162479695554331,0.5042134831460674
2025-10-19 05:23:45.373735+00:00,PortfolioRebalancer,Portfolio[4 assets],1h,-3.98116726095591,-0.1613397925467818,0.2165906439731734,0.5093525179856115
2025-10-19 05:23:46.751890+00:00,PortfolioRebalancer,Portfolio[4 assets],1h,1.8176282352360544,0.2167746989039296,0.1834602862254514,0.5317460317460317
2025-10-19 05:23:47.379345+00:00,PortfolioRebalancer,Portfolio[2 assets],1h,1.3241890185950869,0.130313703496528,0.1629699518574619,0.5116171003717472
2025-10-19 05:23:47.968330+00:00,PortfolioRebalancer,Portfolio[3 assets],1h,2.4917965610740214,0.2948008436880721,0.1679300412610631,0.5315985130111525
2025-10-19 05:23:50.177881+00:00,PortfolioRebalancer,Portfolio[4 assets],1h,0.0618102924105262,-0.030609065884377,0.2500025910608465,0.5147540983606558
2025-10-19 05:23:51.976155+00:00,PortfolioRebalancer,Portfolio[2 assets],1h,2.759589305562963,0.8112820584797424,0.1806889001631497,0.5169294990723562
2025-10-19 05:23:52.677874+00:00,PortfolioRebalancer,Portfolio[3 assets],1h,3.1982377196418232,0.9153077719609842,0.1672440860810531,0.525974025974026
2025-10-19 05:23:53.206505+00:00,PortfolioRebalancer,Portfolio[4 assets],1h,2.615955209728562,0.7675311674421228,0.1883204258715037,0.5276615527661552
2025-10-19 05:23:56.402338+00:00,PortfolioRebalancer,Portfolio[4 assets],1h,1.6049114843008627,0.4325883043225229,0.247992588999758,0.5185098952270082
2025-10-19 05:23:57.174698+00:00,PortfolioRebalancer,Portfolio[2 assets],1h,1.29319583035929,0.7455820278354229,0.4900818225125086,0.5151965265082267
2025-10-19 05:23:59.360807+00:00,PortfolioRebalancer,Portfolio[3 assets],1h,1.5141911164389026,0.9127321932864688,0.4267825261534481,0.5226234003656307
2025-10-19 05:24:00.784617+00:00,PortfolioRebalancer,Portfolio[4 assets],1h,1.251452570369071,0.747011157206638,0.4626022844924434,0.5228780599405171
2025-10-19 05:24:03.947129+00:00,PortfolioRebalancer,Portfolio[4 assets],1h,1.5858319316505136,1.453460324924032,0.4832407518279959,0.5181453921007442
2025-10-19 05:24:05.551876+00:00,PortfolioRebalancer,Portfolio[2 assets],1h,1.4243852107174009,2.4524188693271687,0.4912158371519946,0.5154751027866605
2025-10-19 05:24:08.126754+00:00,PortfolioRebalancer,Portfolio[3 assets],1h,1.6673281865621583,3.287951528187994,0.4274382700001621,0.5231841023298309
2025-10-19 05:24:10.984340+00:00,PortfolioRebalancer,Portfolio[4 assets],1h,1.731641470738836,4.375744762469644,0.4465090645599281,0.5236544394926295
2025-10-19 05:24:14.307877+00:00,PortfolioRebalancer,Portfolio[2 assets],1h,1.3626683733373437,4.044413386396947,0.4970053082527645,0.514568116862496
2025-10-19 05:24:15.077580+00:00,PortfolioRebalancer,Portfolio[4 assets],1h,1.4512813581063262,3.369995108139574,0.4775440173994081,0.5192340668762504
2025-10-19 05:24:19.913612+00:00,PortfolioRebalancer,Portfolio[3 assets],1h,1.4077926426592795,4.123484637024829,0.4172817414880934,0.5190933629723722
2025-10-19 05:24:27.039423+00:00,PortfolioRebalancer,Portfolio[4 assets],1h,1.4818905412500625,6.017851866752948,0.4654983535915721,0.518822968787229
2025-10-19 05:24:29.086356+00:00,PortfolioRebalancer,Portfolio[4 assets],1h,1.2622467600366054,4.33357241953588,0.4775440173994081,0.5174577954319761
2025-10-19 05:25:25.610990+00:00,HierarchicalRiskParity,Portfolio[2 assets],1h,-0.8739943693563101,-0.0457356880724253,0.1481000946997809,0.5149253731343284
2025-10-19 05:25:28.185248+00:00,HierarchicalRiskParity,Portfolio[3 assets],1h,0.8313536968719916,0.0294858994748492,0.1537683490573091,0.5270522388059702
2025-10-19 05:25:29.530357+00:00,HierarchicalRiskParity,Portfolio[4 assets],1h,-1.976875084079364,-0.1010360310694595,0.1704133021092374,0.4976303317535545
2025-10-19 05:25:30.870294+00:00,HierarchicalRiskParity,Portfolio[4 assets],1h,0.0505762029839115,-0.0065763436504283,0.1543867551782457,0.5329566854990584
2025-10-19 05:25:39.633209+00:00,HierarchicalRiskParity,Portfolio[2 assets],1h,1.074642999950064,0.1280137309513773,0.1475203866872211,0.5154702970297029
2025-10-19 05:25:43.511272+00:00,HierarchicalRiskParity,Portfolio[3 assets],1h,1.3641607644307334,0.1660215047005329,0.1497644770758908,0.5204207920792079
2025-10-19 05:25:48.529347+00:00,HierarchicalRiskParity,Portfolio[4 assets],1h,1.5384091522506933,0.2022372451150888,0.1544847664924144,0.5273122284295468
2025-10-19 05:25:50.234714+00:00,HierarchicalRiskParity,Portfolio[4 assets],1h,1.0162761390120445,0.1314610121237077,0.176349179937101,0.5191290824261275
2025-10-19 05:26:00.100462+00:00,HierarchicalRiskParity,Portfolio[2 assets],1h,0.5518792072313911,0.1172445341101223,0.4040078172891127,0.5111248454882571
2025-10-19 05:26:11.280037+00:00,HierarchicalRiskParity,Portfolio[3 assets],1h,0.5006705581959221,0.0951325445589333,0.3553231243251634,0.5160692212608158
2025-10-19 05:26:27.080109+00:00,HierarchicalRiskParity,Portfolio[4 assets],1h,0.6643456900197796,0.1600360790096974,0.3913878571313782,0.5218198700092851
2025-10-19 05:26:28.011031+00:00,HierarchicalRiskParity,Portfolio[4 assets],1h,0.1690525426981062,-0.0430389768722328,0.4623374172779402,0.5121611154144075
2025-10-19 05:26:45.792011+00:00,HierarchicalRiskParity,Portfolio[2 assets],1h,0.6424139018743584,0.3442856721601269,0.430883483325479,0.5111280487804878
2025-10-19 05:27:09.573161+00:00,HierarchicalRiskParity,Portfolio[3 assets],1h,0.5409496364199302,0.2412095069482835,0.3924799735127205,0.5171493902439024
2025-10-19 05:27:40.157037+00:00,HierarchicalRiskParity,Portfolio[4 assets],1h,0.8281226929172626,0.5851235679511545,0.4000685144169704,0.5153781576738151
2025-10-19 05:27:41.026966+00:00,HierarchicalRiskParity,Portfolio[4 assets],1h,0.6251438243258374,0.3260005766830079,0.4195422050350488,0.5196796338672769
2025-10-19 05:28:07.796680+00:00,HierarchicalRiskParity,Portfolio[2 assets],1h,1.1103448223061767,2.5606530934052905,0.4352537819358567,0.5121802679658952
2025-10-19 05:29:03.077618+00:00,HierarchicalRiskParity,Portfolio[3 assets],1h,0.9658756839444382,1.7986862581990586,0.3894871512331711,0.5163291717417783
2025-10-19 05:30:01.319442+00:00,HierarchicalRiskParity,Portfolio[4 assets],1h,1.1013132636197402,2.540676408611396,0.4101414858771711,0.5185058259081563
2025-10-19 05:30:03.230838+00:00,HierarchicalRiskParity,Portfolio[4 assets],1h,1.0735289834754338,2.6024996400256946,0.4300631548159794,0.515711293087031
2025-10-19 05:30:06.744745+00:00,HierarchicalRiskParity,Portfolio[2 assets],1h,0.5593040682582265,0.9615835441149506,0.7859691316159823,0.5088907705334462
2025-10-19 05:30:12.116971+00:00,BlackLitterman,Portfolio[2 assets],1h,-1.3698035673197142,-0.0770906025046859,0.1639068226857317,0.5102611940298507
2025-10-19 05:30:19.937909+00:00,BlackLitterman,Portfolio[3 assets],1h,0.9905564198634907,0.0417121988755952,0.1676896030402951,0.5251865671641791
2025-10-19 05:30:27.434554+00:00,BlackLitterman,Portfolio[4 assets],1h,-0.0981106606083515,-0.0192353107776138,0.1782297822755793,0.5348399246704332
2025-10-19 05:30:34.814955+00:00,BlackLitterman,Portfolio[4 assets],1h,-2.557758375113033,-0.1585212678253661,0.2254819150826953,0.5184834123222749
2025-10-19 05:30:46.956842+00:00,BlackLitterman,Portfolio[2 assets],1h,1.52195775630356,0.2404218272698199,0.1735381963686869,0.5151608910891089
2025-10-19 05:31:00.208289+00:00,BlackLitterman,Portfolio[3 assets],1h,2.2140074734730977,0.372753688002166,0.1682136718486602,0.5244430693069307
2025-10-19 05:31:17.665089+00:00,BlackLitterman,Portfolio[4 assets],1h,1.814304420768155,0.3224083417002817,0.1786639511389963,0.5260707635009311
2025-10-19 05:31:34.249575+00:00,BlackLitterman,Portfolio[4 assets],1h,0.9445049275131704,0.1447346016596971,0.2505402606272285,0.5181959564541213
2025-10-19 05:31:51.794982+00:00,HierarchicalRiskParity,Portfolio[3 assets],1h,0.4818321829652557,0.6275485438755865,0.7560062371836449,0.5142887383573242
2025-10-19 05:31:55.110498+00:00,BlackLitterman,Portfolio[2 assets],1h,0.7161278504855678,0.1974705242539163,0.4588214638401259,0.5143695920889988
2025-10-19 05:32:23.864474+00:00,BlackLitterman,Portfolio[3 assets],1h,1.0226000256210126,0.3372079944217148,0.4031589185730266,0.5193139678615575
2025-10-19 05:32:34.953452+00:00,BlackLitterman,Portfolio[4 assets],1h,0.7883617727757294,0.2378859247322559,0.4661367104461763,0.5196533580934695
2025-10-19 05:32:56.151406+00:00,BlackLitterman,Portfolio[4 assets],1h,0.2552429996139314,-0.0531985391058926,0.4807437805797454,0.5112316034082107
2025-10-19 05:33:14.142171+00:00,BlackLitterman,Portfolio[2 assets],1h,0.7283435630053022,0.4538191614555146,0.5030667092663134,0.5126524390243903
2025-10-19 05:33:37.558725+00:00,HierarchicalRiskParity,Portfolio[4 assets],1h,0.5837651516985873,1.0828473712338171,0.7784462606672999,0.5143454555079138
2025-10-19 05:33:42.201727+00:00,HierarchicalRiskParity,Portfolio[4 assets],1h,0.4129403199757265,0.3355804995990517,0.7925582709069061,0.5143348775645268
2025-10-19 05:33:43.685112+00:00,BlackLitterman,Portfolio[3 assets],1h,0.8724740995008503,0.6145599150010348,0.4359940824134562,0.5189024390243903
2025-10-19 05:34:13.253598+00:00,BlackLitterman,Portfolio[4 assets],1h,0.7908202748788382,0.5469967071321856,0.4700831974254477,0.5169336384439359
2025-10-19 05:34:38.314029+00:00,BlackLitterman,Portfolio[4 assets],1h,1.0374427616577533,1.0443483564304246,0.4807927634490347,0.5136228344653896
2025-10-19 05:34:53.094876+00:00,BlackLitterman,Portfolio[2 assets],1h,1.2021856512739648,3.324555175594679,0.5029078227000864,0.5121422046285018
2025-10-19 05:35:21.448172+00:00,BlackLitterman,Portfolio[3 assets],1h,1.242829085006672,3.439297682129659,0.4363142682491713,0.5180420219244823
2025-10-19 05:36:22.128064+00:00,BlackLitterman,Portfolio[4 assets],1h,1.2759438811310628,4.555487690285546,0.4703344060927057,0.5174015688066408
2025-10-19 05:36:35.812451+00:00,BlackLitterman,Portfolio[4 assets],1h,1.1037191044182175,3.3640813259018367,0.4798369158095204,0.515711293087031
2025-10-19 05:36:44.866434+00:00,BlackLitterman,Portfolio[2 assets],1h,0.6489623703784525,1.4655332753278068,0.7770522185332112,0.5093935224386114
2025-10-19 05:36:48.709388+00:00,RiskParity,Portfolio[2 assets],1h,-1.322035977602978,-0.0742435377482663,0.1614868026952359,0.5102611940298507
2025-10-19 05:36:53.761675+00:00,RiskParity,Portfolio[3 assets],1h,0.8850056092350215,0.0357768724789424,0.1664221274944251,0.5261194029850746
2025-10-19 05:36:59.001898+00:00,RiskParity,Portfolio[4 assets],1h,-0.0834343762073874,-0.0182395728617546,0.1773973479617622,0.5338983050847458
2025-10-19 05:37:05.172004+00:00,RiskParity,Portfolio[4 assets],1h,-2.545926735907932,-0.1542856935084799,0.2175595915231136,0.5146919431279621
2025-10-19 05:37:13.323918+00:00,RiskParity,Portfolio[2 assets],1h,1.6506350589293604,0.265574574849003,0.1673148893188478,0.5136138613861386
2025-10-19 05:37:23.997231+00:00,RiskParity,Portfolio[3 assets],1h,2.3030140635382788,0.3871808099735497,0.1634027885024952,0.525680693069307
2025-10-19 05:37:37.911304+00:00,RiskParity,Portfolio[4 assets],1h,1.889763932526373,0.3367795983750331,0.177649535061124,0.5273122284295468
2025-10-19 05:37:42.108424+00:00,BlackLitterman,Portfolio[3 assets],1h,0.7196103945003153,1.9367365589590344,0.7546735732975448,0.5147650296359018
2025-10-19 05:37:53.422229+00:00,RiskParity,Portfolio[4 assets],1h,1.056902043321561,0.1701964395738619,0.2375589641019875,0.5169517884914463
2025-10-19 05:37:56.120594+00:00,RiskParity,Portfolio[2 assets],1h,0.730441475586697,0.2041202549019073,0.4585069642849099,0.5139060568603214
2025-10-19 05:38:12.751005+00:00,RiskParity,Portfolio[3 assets],1h,1.026831897767143,0.3360164772713893,0.3983705327533352,0.5213226205191595
2025-10-19 05:38:23.105401+00:00,RiskParity,Portfolio[4 assets],1h,0.7771476586190691,0.2307447717100505,0.473508960871318,0.5191891055400805
2025-10-19 05:38:37.141374+00:00,RiskParity,Portfolio[4 assets],1h,0.2145562705805691,-0.0700400877876509,0.4948692895569213,0.5110766847405113
2025-10-19 05:38:50.668908+00:00,RiskParity,Portfolio[2 assets],1h,0.7092765050286578,0.4301779118625947,0.5013954925074,0.5131097560975609
2025-10-19 05:39:20.761285+00:00,RiskParity,Portfolio[3 assets],1h,0.8436853237633174,0.5754454824694544,0.4300715026773913,0.5191310975609756
2025-10-19 05:39:25.265711+00:00,BlackLitterman,Portfolio[4 assets],1h,0.8391564527838661,3.2806766106921925,0.818298101243605,0.5132867503043778
2025-10-19 05:39:28.199978+00:00,BlackLitterman,Portfolio[4 assets],1h,0.6160502637859206,1.2431511215111035,0.7845733597909036,0.5147849106551953
2025-10-19 05:39:43.422051+00:00,RiskParity,Portfolio[4 assets],1h,0.7550772747392916,0.4981951513244548,0.4799733772342319,0.5180778032036614
2025-10-19 05:40:10.204799+00:00,RiskParity,Portfolio[4 assets],1h,1.0501201047245197,1.0697510800492114,0.4735108926823895,0.5142333816683202
2025-10-19 05:40:21.278742+00:00,RiskParity,Portfolio[2 assets],1h,1.1621311804912409,3.052191590308196,0.5047359696479377,0.5126370280146163
2025-10-19 05:40:47.079965+00:00,RiskParity,Portfolio[3 assets],1h,1.206511681098151,3.180914683556409,0.4335063067492337,0.5181562119366626
2025-10-19 05:41:19.252960+00:00,RiskParity,Portfolio[4 assets],1h,1.2428258164802473,4.244068196657318,0.4736237005712815,0.5172492574822938
2025-10-19 05:41:39.957215+00:00,RiskParity,Portfolio[2 assets],1h,0.6265259783289507,1.326314324814617,0.7773062716012183,0.5096316680779001
2025-10-19 05:41:49.405643+00:00,RiskParity,Portfolio[4 assets],1h,1.1324745528644569,3.6017247490842754,0.4714426600247071,0.5159779089697201
2025-10-19 05:41:53.257472+00:00,CopulaPairsTrading,Portfolio[2 assets],1h,-10.983194172064458,-0.1771219897218072,0.1826066231109393,0.2033582089552238
2025-10-19 05:41:55.962366+00:00,CopulaPairsTrading,Portfolio[3 assets],1h,-10.983194172064458,-0.1771219897218072,0.1826066231109393,0.2033582089552238
2025-10-19 05:41:59.155628+00:00,CopulaPairsTrading,Portfolio[4 assets],1h,-11.334674109179996,-0.1808426032919327,0.1826066231109386,0.2024482109227872
2025-10-19 05:42:02.354308+00:00,CopulaPairsTrading,Portfolio[4 assets],1h,-11.18010424192506,-0.1775183579054606,0.177897856021281,0.2
2025-10-19 05:42:08.921516+00:00,CopulaPairsTrading,Portfolio[2 assets],1h,-4.156145265697165,-0.2184995618152761,0.2469079707691195,0.2193688118811881
2025-10-19 05:42:14.440873+00:00,CopulaPairsTrading,Portfolio[3 assets],1h,-4.156145265697165,-0.2184995618152761,0.2469079707691195,0.2193688118811881
2025-10-19 05:42:20.856873+00:00,CopulaPairsTrading,Portfolio[4 assets],1h,-4.16260064706889,-0.2184995618152761,0.2469079707691195,0.2200496585971446
2025-10-19 05:42:25.674118+00:00,CopulaPairsTrading,Portfolio[4 assets],1h,-4.167137353295397,-0.2184995618152761,0.2469079707691195,0.2205287713841368
2025-10-19 05:42:34.264305+00:00,CopulaPairsTrading,Portfolio[2 assets],1h,-4.429888989230499,-0.4628970714693926,0.4809486381084054,0.2139987639060568
2025-10-19 05:42:34.815812+00:00,RiskParity,Portfolio[3 assets],1h,0.6841925348981899,1.6831732929914514,0.7547182693155912,0.5149502540220152
2025-10-19 05:42:43.671478+00:00,CopulaPairsTrading,Portfolio[4 assets],1h,-4.497866794040054,-0.4625506929784458,0.4725766254704335,0.2123181677499226
2025-10-19 05:42:44.444297+00:00,CopulaPairsTrading,Portfolio[3 assets],1h,-4.429888989230499,-0.4628970714693926,0.4809486381084054,0.2139987639060568
2025-10-19 05:42:53.787239+00:00,CopulaPairsTrading,Portfolio[4 assets],1h,-4.500310204162763,-0.4625506929784458,0.4725766254704335,0.212548412083656
2025-10-19 05:43:02.630062+00:00,CopulaPairsTrading,Portfolio[2 assets],1h,-6.548198779364602,-0.8118738770981249,0.8153833053987142,0.2123475609756097
2025-10-19 05:43:10.110374+00:00,CopulaPairsTrading,Portfolio[3 assets],1h,-6.548198779364602,-0.8118738770981249,0.8153833053987142,0.2123475609756097
2025-10-19 05:43:19.543080+00:00,CopulaPairsTrading,Portfolio[4 assets],1h,-6.550707749023348,-0.8118738770981249,0.8153833053987142,0.212509534706331
2025-10-19 05:43:27.416670+00:00,CopulaPairsTrading,Portfolio[4 assets],1h,-6.552465744732201,-0.8118738770981249,0.8153833053987142,0.2126230634205907
2025-10-19 05:43:33.467958+00:00,RiskParity,Portfolio[4 assets],1h,0.7913241257386592,2.731923064093641,0.8266639901835023,0.5129162034831402
2025-10-19 05:43:51.673662+00:00,CopulaPairsTrading,Portfolio[2 assets],1h,-8.000503651405028,-0.969731273915686,0.9703044432459204,0.2084728989037758
2025-10-19 05:43:56.094865+00:00,RiskParity,Portfolio[4 assets],1h,0.6027149687965351,1.157979031775906,0.783899243411264,0.5147849106551953
2025-10-19 05:43:59.182916+00:00,CopulaPairsTrading,Portfolio[3 assets],1h,-8.000503651405028,-0.969731273915686,0.9703044432459204,0.2084728989037758
2025-10-19 05:44:08.362421+00:00,CopulaPairsTrading,Portfolio[4 assets],1h,-8.002037790008453,-0.969731273915686,0.9703044432459204,0.2085522808620821
2025-10-19 05:44:27.969632+00:00,CopulaPairsTrading,Portfolio[4 assets],1h,-8.003112212291882,-0.969731273915686,0.9703044432459204,0.2086078842125309
2025-10-19 05:44:43.548490+00:00,CopulaPairsTrading,Portfolio[3 assets],1h,-8.004060219407167,-0.9942852569911969,0.9943918635620244,0.2060224386113463
2025-10-19 05:44:44.455048+00:00,CopulaPairsTrading,Portfolio[2 assets],1h,-8.004060219407167,-0.9942852569911969,0.9943918635620244,0.2060224386113463
2025-10-19 05:44:46.948194+00:00,DeepRLPortfolio,Portfolio[2 assets],1h,0.1645456333430565,0.0001009017651713,0.1244617783186693,0.5018656716417911
2025-10-19 05:44:48.640716+00:00,DeepRLPortfolio,Portfolio[3 assets],1h,-0.333992663753367,-0.0198423300540885,0.1464338386823006,0.5205223880597015
2025-10-19 05:44:51.529357+00:00,DeepRLPortfolio,Portfolio[4 assets],1h,-0.7301642729758859,-0.0387130591549441,0.15349035920593,0.5254237288135594
2025-10-19 05:44:53.791571+00:00,DeepRLPortfolio,Portfolio[4 assets],1h,-2.1715904849597742,-0.0979009589452256,0.1445277211177822,0.4976303317535545
2025-10-19 05:44:58.333129+00:00,DeepRLPortfolio,Portfolio[2 assets],1h,0.4947242557278759,0.0405964652185275,0.1325112924134265,0.505259900990099
2025-10-19 05:44:59.107829+00:00,CopulaPairsTrading,Portfolio[4 assets],1h,-7.997424537030247,-0.9942448090110249,0.99435217012505,0.205812291567413
2025-10-19 05:45:03.299172+00:00,DeepRLPortfolio,Portfolio[3 assets],1h,0.6950288612716969,0.0646835214461534,0.1444508971339927,0.5213490099009901
2025-10-19 05:45:10.561552+00:00,DeepRLPortfolio,Portfolio[4 assets],1h,1.1128072105945457,0.1351974399562563,0.1499741974972473,0.5160186625194402
2025-10-19 05:45:11.139246+00:00,DeepRLPortfolio,Portfolio[4 assets],1h,0.947770165111394,0.1013301891587563,0.153956046849416,0.5238981998758535
2025-10-19 05:45:15.085457+00:00,DeepRLPortfolio,Portfolio[2 assets],1h,0.6177080870151211,0.1385892515382325,0.3107491493359072,0.504017305315204
2025-10-19 05:45:19.281512+00:00,CopulaPairsTrading,Portfolio[4 assets],1h,-7.998170886244675,-0.9942448090110249,0.99435217012505,0.2058504301786896
2025-10-19 05:45:24.572910+00:00,DeepRLPortfolio,Portfolio[3 assets],1h,0.3054762041926834,0.0312644278014817,0.324777459304101,0.5129789864029666
2025-10-19 05:45:29.335777+00:00,DeepRLPortfolio,Portfolio[4 assets],1h,0.5070140517747821,0.0969658953282196,0.3428413419900267,0.5168678427731352
2025-10-19 05:45:34.368980+00:00,DeepRLPortfolio,Portfolio[4 assets],1h,0.2920555312602944,0.0148051920462441,0.4132359141526184,0.5115414407436096
2025-10-19 05:45:39.912517+00:00,DeepRLPortfolio,Portfolio[2 assets],1h,0.7058449133557505,0.39888862341243,0.3521371571430607,0.505564024390244
2025-10-19 05:45:53.112855+00:00,DeepRLPortfolio,Portfolio[3 assets],1h,0.567025465751021,0.2601878823990448,0.3769822039661255,0.5149390243902439
2025-10-19 05:46:08.970003+00:00,DeepRLPortfolio,Portfolio[4 assets],1h,0.4908910002578096,0.1970474235645866,0.3857507988344468,0.5145690312738368
2025-10-19 05:46:12.433898+00:00,DeepRLPortfolio,Portfolio[4 assets],1h,0.5253755761258316,0.2287866724157482,0.4426798821279828,0.5128596504617263
2025-10-19 05:46:19.164758+00:00,DeepRLPortfolio,Portfolio[2 assets],1h,1.1093509497940222,2.43558257620504,0.3790410799122848,0.5070797807551766
2025-10-19 05:46:48.975627+00:00,DeepRLPortfolio,Portfolio[3 assets],1h,0.8491650430869371,1.3235017350211151,0.3854396866992224,0.5116473812423873
2025-10-19 05:47:14.758778+00:00,DeepRLPortfolio,Portfolio[2 assets],1h,0.5340925054545871,0.8492378387160258,0.7810858030541745,0.50481583403895
2025-10-19 05:47:20.356326+00:00,DeepRLPortfolio,Portfolio[4 assets],1h,1.0641054918313548,2.172969279578536,0.3914276964783298,0.5152311324346965
2025-10-19 05:47:20.465018+00:00,DeepRLPortfolio,Portfolio[4 assets],1h,0.9355886673428242,1.7701452644424047,0.4308125611809281,0.5139592458579318
2025-10-19 05:48:05.530631+00:00,DeepRLPortfolio,Portfolio[3 assets],1h,0.3606000146102612,0.2425929185607039,0.7714782323440486,0.5105842506350551
2025-10-19 05:48:55.237263+00:00,DeepRLPortfolio,Portfolio[4 assets],1h,0.4779393277324416,0.6156756601107327,0.762888400738987,0.5132867503043778
2025-10-19 05:49:01.838244+00:00,DeepRLPortfolio,Portfolio[4 assets],1h,0.2761681499952361,-0.020070056192738956,0.8050979680996763,0.511872931833223
